country,fiscal_year,total,,
Argentina,1994,2474,,
Argentina,1995,2239,,
Argentina,1996,2878,,
Argentina,1997,2055,,
Argentina,1998,1649,,
Argentina,1999,1578,,
Argentina,2000,2485,,
Argentina,2001,3426,,
Argentina,2002,3791,,
Argentina,2003,3193,,
Argentina,2004,4672,,
Argentina,2005,6945,,
Argentina,2006,7239,,
Argentina,2007,5375,,
Argentina,2008,5170,,
Argentina,2009,5672,,
Argentina,2010,4312,,
Argentina,2011,4335,,
Argentina,2012,4218,,
Argentina,2013,4227,,
Argentina,2014,3757,,
Argentina,2015,3542,,
Argentina,2016,3783,,
Argentina,2017,3191,,
Australia,2001,3714,,
Australia,2002,3420,,
Australia,2003,2488,,
Australia,2004,3397,,
Australia,2005,4090,,
Australia,2006,3770,,
Australia,2007,3026,,
Australia,2008,3031,,
Australia,2009,3098,,
Australia,2010,3077,,
Australia,2011,3062,,
Australia,2012,3146,,
Australia,2013,3529,,
Australia,2014,3582,,
Australia,2015,3795,,
Australia,2016,4173,,
Australia,2017,3818,,
Austria,1994,1314,,
Austria,1995,1340,,
Austria,1996,1182,,
Austria,1997,1044,,
Austria,1998,610,,
Austria,1999,727,,
Austria,2000,997,,
Austria,2001,996,,
Austria,2002,2650,,
Austria,2003,1160,,
Austria,2004,2442,,
Austria,2005,3002,,
Austria,2006,1301,,
Austria,2007,849,,
Austria,2008,1505,,
Austria,2009,6260,,
Austria,2010,3319,,
Austria,2011,3654,,
Austria,2012,2199,,
Austria,2013,1053,,
Austria,2014,1088,,
Austria,2015,1928,,
Austria,2016,1621,,
Austria,2017,1962,,
Austria-Hungary,1994,2123,,
Austria-Hungary,1995,2190,,
Austria-Hungary,1996,2325,,
Austria-Hungary,1997,1964,,
Austria-Hungary,1998,1435,,
Austria-Hungary,1999,1518,,
Austria-Hungary,2000,2024,,
Austria-Hungary,2001,2303,,
Austria-Hungary,2002,4004,,
Austria-Hungary,2003,2176,,
Austria-Hungary,2004,3689,,
Austria-Hungary,2005,4569,,
Austria-Hungary,2006,2991,,
Austria-Hungary,2007,2057,,
Austria-Hungary,2008,2576,,
Austria-Hungary,2009,7555,,
Austria-Hungary,2010,4325,,
Austria-Hungary,2011,4703,,
Austria-Hungary,2012,3208,,
Austria-Hungary,2013,2061,,
Austria-Hungary,2014,2058,,
Austria-Hungary,2015,2965,,
Austria-Hungary,2016,2620,,
Austria-Hungary,2017,2886,,
Belgium,1994,621,,
Belgium,1995,694,,
Belgium,1996,802,,
Belgium,1997,633,,
Belgium,1998,557,,
Belgium,1999,522,,
Belgium,2000,827,,
Belgium,2001,997,,
Belgium,2002,834,,
Belgium,2003,515,,
Belgium,2004,746,,
Belgium,2005,1031,,
Belgium,2006,891,,
Belgium,2007,733,,
Belgium,2008,829,,
Belgium,2009,764,,
Belgium,2010,732,,
Belgium,2011,700,,
Belgium,2012,698,,
Belgium,2013,803,,
Belgium,2014,775,,
Belgium,2015,809,,
Belgium,2016,821,,
Belgium,2017,742,,
Belize,2001,982,,
Belize,2002,983,,
Belize,2003,616,,
Belize,2004,888,,
Belize,2005,901,,
Belize,2006,1263,,
Belize,2007,1089,,
Belize,2008,1113,,
Belize,2009,1073,,
Belize,2010,997,,
Belize,2011,933,,
Belize,2012,875,,
Belize,2013,969,,
Belize,2014,823,,
Belize,2015,804,,
Belize,2016,878,,
Belize,2017,754,,
Bolivia,2001,1804,,
Bolivia,2002,1660,,
Bolivia,2003,1365,,
Bolivia,2004,1719,,
Bolivia,2005,2164,,
Bolivia,2006,4000,,
Bolivia,2007,2326,,
Bolivia,2008,2350,,
Bolivia,2009,2789,,
Bolivia,2010,2211,,
Bolivia,2011,2113,,
Bolivia,2012,1920,,
Bolivia,2013,2005,,
Bolivia,2014,1663,,
Bolivia,2015,1549,,
Bolivia,2016,1481,,
Bolivia,2017,1399,,
Brazil,2001,9391,,
Brazil,2002,9034,,
Brazil,2003,6108,,
Brazil,2004,10247,,
Brazil,2005,16329,,
Brazil,2006,17741,,
Brazil,2007,13546,,
Brazil,2008,11813,,
Brazil,2009,14428,,
Brazil,2010,12057,,
Brazil,2011,11643,,
Brazil,2012,11248,,
Brazil,2013,10772,,
Brazil,2014,10246,,
Brazil,2015,11247,,
Brazil,2016,13528,,
Brazil,2017,14832,,
Bulgaria,2001,4273,,
Bulgaria,2002,3476,,
Bulgaria,2003,3706,,
Bulgaria,2004,4042,,
Bulgaria,2005,5451,,
Bulgaria,2006,4690,,
Bulgaria,2007,3766,,
Bulgaria,2008,2805,,
Bulgaria,2009,3015,,
Bulgaria,2010,2465,,
Bulgaria,2011,2549,,
Bulgaria,2012,2322,,
Bulgaria,2013,2720,,
Bulgaria,2014,2886,,
Bulgaria,2015,2585,,
Bulgaria,2016,2560,,
Bulgaria,2017,2070,,
Canada & Newfoundland,1994,22243,,
Canada & Newfoundland,1995,18117,,
Canada & Newfoundland,1996,21751,,
Canada & Newfoundland,1997,15788,,
Canada & Newfoundland,1998,14295,,
Canada & Newfoundland,1999,12948,,
Canada & Newfoundland,2000,21475,,
Canada & Newfoundland,2001,29991,,
Canada & Newfoundland,2002,27142,,
Canada & Newfoundland,2003,16447,,
Canada & Newfoundland,2004,22439,,
Canada & Newfoundland,2005,29930,,
Canada & Newfoundland,2006,23913,,
Canada & Newfoundland,2007,20324,,
Canada & Newfoundland,2008,22366,,
Canada & Newfoundland,2009,22508,,
Canada & Newfoundland,2010,19491,,
Canada & Newfoundland,2011,19506,,
Canada & Newfoundland,2012,20138,,
Canada & Newfoundland,2013,20489,,
Canada & Newfoundland,2014,17670,,
Canada & Newfoundland,2015,19309,,
Canada & Newfoundland,2016,19349,,
Canada & Newfoundland,2017,18469,,
Chile,2001,1881,,
Chile,2002,1766,,
Chile,2003,1255,,
Chile,2004,1719,,
Chile,2005,2354,,
Chile,2006,2727,,
Chile,2007,2202,,
Chile,2008,1988,,
Chile,2009,2240,,
Chile,2010,1940,,
Chile,2011,1854,,
Chile,2012,1628,,
Chile,2013,1751,,
Chile,2014,1591,,
Chile,2015,1620,,
Chile,2016,1711,,
Chile,2017,1664,,
China,1994,58867,,
China,1995,41112,,
China,1996,50981,,
China,1997,44356,,
China,1998,41034,,
China,1999,29579,,
China,2000,41861,,
China,2001,50677,,
China,2002,55901,,
China,2003,37342,,
China,2004,50280,,
China,2005,64887,,
China,2006,83590,,
China,2007,70924,,
China,2008,75410,,
China,2009,60896,,
China,2010,67634,,
China,2011,83603,,
China,2012,78184,,
China,2013,68410,,
China,2014,72492,,
China,2015,70977,,
China,2016,77658,,
China,2017,66479,,
Colombia,2001,16234,,
Colombia,2002,18409,,
Colombia,2003,14400,,
Colombia,2004,18055,,
Colombia,2005,24705,,
Colombia,2006,42017,,
Colombia,2007,32055,,
Colombia,2008,29349,,
Colombia,2009,27221,,
Colombia,2010,21861,,
Colombia,2011,22130,,
Colombia,2012,20272,,
Colombia,2013,20611,,
Colombia,2014,17614,,
Colombia,2015,16509,,
Colombia,2016,16830,,
Colombia,2017,16341,,
Columbia,1994,10653,,
Columbia,1995,10641,,
Columbia,1996,14078,,
Columbia,1997,12795,,
Columbia,1998,11618,,
Columbia,1999,9769,,
Columbia,2000,14191,,
Costa Rica,2001,1863,,
Costa Rica,2002,1686,,
Costa Rica,2003,1322,,
Costa Rica,2004,1811,,
Costa Rica,2005,2479,,
Costa Rica,2006,3459,,
Costa Rica,2007,2722,,
Costa Rica,2008,2287,,
Costa Rica,2009,2552,,
Costa Rica,2010,2306,,
Costa Rica,2011,2230,,
Costa Rica,2012,2152,,
Costa Rica,2013,2232,,
Costa Rica,2014,2018,,
Costa Rica,2015,2121,,
Costa Rica,2016,2295,,
Costa Rica,2017,2259,,
Cuba,1994,14216,,
Cuba,1995,17661,,
Cuba,1996,26166,,
Cuba,1997,29913,,
Cuba,1998,15415,,
Cuba,1999,13289,,
Cuba,2000,19322,,
Cuba,2001,25832,,
Cuba,2002,27435,,
Cuba,2003,8685,,
Cuba,2004,15385,,
Cuba,2005,20651,,
Cuba,2006,44248,,
Cuba,2007,25441,,
Cuba,2008,48057,,
Cuba,2009,38111,,
Cuba,2010,33372,,
Cuba,2011,36261,,
Cuba,2012,32551,,
Cuba,2013,31343,,
Cuba,2014,46505,,
Cuba,2015,54178,,
Cuba,2016,66120,,
Cuba,2017,64749,,
Czechoslovakia,1994,759,,
Czechoslovakia,1995,1057,,
Czechoslovakia,1996,1299,,
Czechoslovakia,1997,1169,,
Czechoslovakia,1998,931,,
Czechoslovakia,1999,895,,
Czechoslovakia,2000,1415,,
Czechoslovakia,2001,1911,,
Czechoslovakia,2002,1854,,
Czechoslovakia,2003,1472,,
Czechoslovakia,2004,1871,,
Czechoslovakia,2005,2182,,
Czechoslovakia,2006,2844,,
Czechoslovakia,2007,1851,,
Czechoslovakia,2008,1650,,
Czechoslovakia,2009,1649,,
Czechoslovakia,2010,1510,,
Czechoslovakia,2011,1374,,
Czechoslovakia,2012,1316,,
Czechoslovakia,2013,1258,,
Czechoslovakia,2014,1168,,
Czechoslovakia,2015,1236,,
Czechoslovakia,2016,1299,,
Czechoslovakia,2017,1142,,
Denmark,1994,639,,
Denmark,1995,588,,
Denmark,1996,795,,
Denmark,1997,507,,
Denmark,1998,447,,
Denmark,1999,387,,
Denmark,2000,556,,
Denmark,2001,732,,
Denmark,2002,651,,
Denmark,2003,435,,
Denmark,2004,568,,
Denmark,2005,714,,
Denmark,2006,738,,
Denmark,2007,505,,
Denmark,2008,551,,
Denmark,2009,606,,
Denmark,2010,545,,
Denmark,2011,473,,
Denmark,2012,492,,
Denmark,2013,546,,
Denmark,2014,533,,
Denmark,2015,634,,
Denmark,2016,562,,
Denmark,2017,536,,
Dominican Republic,1994,51221,,
Dominican Republic,1995,38493,,
Dominican Republic,1996,36284,,
Dominican Republic,1997,24966,,
Dominican Republic,1998,20267,,
Dominican Republic,1999,17745,,
Dominican Republic,2000,17441,,
Dominican Republic,2001,21139,,
Dominican Republic,2002,22386,,
Dominican Republic,2003,26112,,
Dominican Republic,2004,30063,,
Dominican Republic,2005,27365,,
Dominican Republic,2006,37997,,
Dominican Republic,2007,27875,,
Dominican Republic,2008,31801,,
Dominican Republic,2009,49381,,
Dominican Republic,2010,53890,,
Dominican Republic,2011,46036,,
Dominican Republic,2012,41535,,
Dominican Republic,2013,41487,,
Dominican Republic,2014,44550,,
Dominican Republic,2015,50382,,
Dominican Republic,2016,60613,,
Dominican Republic,2017,58384,,
Ecuador,1994,5943,,
Ecuador,1995,6453,,
Ecuador,1996,8348,,
Ecuador,1997,7763,,
Ecuador,1998,6840,,
Ecuador,1999,8903,,
Ecuador,2000,7658,,
Ecuador,2001,9654,,
Ecuador,2002,10524,,
Ecuador,2003,7022,,
Ecuador,2004,8366,,
Ecuador,2005,11528,,
Ecuador,2006,17624,,
Ecuador,2007,12011,,
Ecuador,2008,11541,,
Ecuador,2009,12083,,
Ecuador,2010,11463,,
Ecuador,2011,11068,,
Ecuador,2012,9284,,
Ecuador,2013,10553,,
Ecuador,2014,10871,,
Ecuador,2015,9816,,
Ecuador,2016,10779,,
Ecuador,2017,10826,,
Egypt,2001,5333,,
Egypt,2002,6215,,
Egypt,2003,3928,,
Egypt,2004,6590,,
Egypt,2005,10296,,
Egypt,2006,13163,,
Egypt,2007,10178,,
Egypt,2008,10728,,
Egypt,2009,10810,,
Egypt,2010,9822,,
Egypt,2011,9096,,
Egypt,2012,10172,,
Egypt,2013,10719,,
Egypt,2014,12043,,
Egypt,2015,13907,,
Egypt,2016,13367,,
Egypt,2017,11166,,
El Salvador,1994,17669,,
El Salvador,1995,11670,,
El Salvador,1996,17847,,
El Salvador,1997,17741,,
El Salvador,1998,14329,,
El Salvador,1999,14416,,
El Salvador,2000,22332,,
El Salvador,2001,30876,,
El Salvador,2002,30472,,
El Salvador,2003,27854,,
El Salvador,2004,29297,,
El Salvador,2005,20891,,
El Salvador,2006,31258,,
El Salvador,2007,20009,,
El Salvador,2008,18937,,
El Salvador,2009,19342,,
El Salvador,2010,18547,,
El Salvador,2011,18477,,
El Salvador,2012,15874,,
El Salvador,2013,18015,,
El Salvador,2014,18964,,
El Salvador,2015,18699,,
El Salvador,2016,21268,,
El Salvador,2017,21920,,
Ethiopia,2001,4620,,
Ethiopia,2002,6308,,
Ethiopia,2003,5969,,
Ethiopia,2004,7180,,
Ethiopia,2005,8378,,
Ethiopia,2006,13390,,
Ethiopia,2007,11340,,
Ethiopia,2008,11703,,
Ethiopia,2009,14674,,
Ethiopia,2010,13853,,
Ethiopia,2011,13985,,
Ethiopia,2012,15400,,
Ethiopia,2013,13484,,
Ethiopia,2014,12926,,
Ethiopia,2015,12566,,
Ethiopia,2016,13699,,
Ethiopia,2017,15678,,
Finland,2001,497,,
Finland,2002,365,,
Finland,2003,230,,
Finland,2004,346,,
Finland,2005,549,,
Finland,2006,513,,
Finland,2007,385,,
Finland,2008,287,,
Finland,2009,421,,
Finland,2010,414,,
Finland,2011,398,,
Finland,2012,373,,
Finland,2013,360,,
Finland,2014,368,,
Finland,2015,397,,
Finland,2016,512,,
Finland,2017,478,,
France,1994,3592,,
France,1995,3178,,
France,1996,3896,,
France,1997,3007,,
France,1998,2961,,
France,1999,2664,,
France,2000,4093,,
France,2001,5379,,
France,2002,4567,,
France,2003,2926,,
France,2004,4209,,
France,2005,5035,,
France,2006,4945,,
France,2007,3680,,
France,2008,5246,,
France,2009,4882,,
France,2010,4339,,
France,2011,3967,,
France,2012,4201,,
France,2013,4668,,
France,2014,4544,,
France,2015,5034,,
France,2016,5473,,
France,2017,4973,,
Germany,1994,8940,,
Germany,1995,7896,,
Germany,1996,8365,,
Germany,1997,6941,,
Germany,1998,6923,,
Germany,1999,7442,,
Germany,2000,12372,,
Germany,2001,21992,,
Germany,2002,20977,,
Germany,2003,8061,,
Germany,2004,10270,,
Germany,2005,12864,,
Germany,2006,10271,,
Germany,2007,8640,,
Germany,2008,8456,,
Germany,2009,8612,,
Germany,2010,7929,,
Germany,2011,7072,,
Germany,2012,6732,,
Germany,2013,6880,,
Germany,2014,6387,,
Germany,2015,5965,,
Germany,2016,5895,,
Germany,2017,5369,,
Greece,1994,2539,,
Greece,1995,2404,,
Greece,1996,2394,,
Greece,1997,1483,,
Greece,1998,1183,,
Greece,1999,4061,,
Greece,2000,5138,,
Greece,2001,1941,,
Greece,2002,1486,,
Greece,2003,900,,
Greece,2004,1213,,
Greece,2005,1473,,
Greece,2006,1544,,
Greece,2007,1152,,
Greece,2008,943,,
Greece,2009,1076,,
Greece,2010,966,,
Greece,2011,1196,,
Greece,2012,1264,,
Greece,2013,1526,,
Greece,2014,1388,,
Greece,2015,1330,,
Greece,2016,1664,,
Greece,2017,1495,,
Guatemala,2001,13399,,
Guatemala,2002,15870,,
Guatemala,2003,14195,,
Guatemala,2004,18655,,
Guatemala,2005,16468,,
Guatemala,2006,23674,,
Guatemala,2007,17198,,
Guatemala,2008,15791,,
Guatemala,2009,11881,,
Guatemala,2010,10263,,
Guatemala,2011,10795,,
Guatemala,2012,9857,,
Guatemala,2013,9829,,
Guatemala,2014,9871,,
Guatemala,2015,11466,,
Guatemala,2016,12548,,
Guatemala,2017,12792,,
Guyana,2001,7835,,
Guyana,2002,9492,,
Guyana,2003,6373,,
Guyana,2004,5721,,
Guyana,2005,8771,,
Guyana,2006,9010,,
Guyana,2007,5288,,
Guyana,2008,6302,,
Guyana,2009,6326,,
Guyana,2010,6441,,
Guyana,2011,6288,,
Guyana,2012,5282,,
Guyana,2013,5564,,
Guyana,2014,6031,,
Guyana,2015,5313,,
Guyana,2016,4909,,
Guyana,2017,4683,,
Haiti,1994,13166,,
Haiti,1995,13872,,
Haiti,1996,18185,,
Haiti,1997,14941,,
Haiti,1998,13316,,
Haiti,1999,16459,,
Haiti,2000,22004,,
Haiti,2001,22470,,
Haiti,2002,19151,,
Haiti,2003,11924,,
Haiti,2004,13695,,
Haiti,2005,13491,,
Haiti,2006,21625,,
Haiti,2007,29978,,
Haiti,2008,25522,,
Haiti,2009,23994,,
Haiti,2010,22336,,
Haiti,2011,21802,,
Haiti,2012,22446,,
Haiti,2013,20083,,
Haiti,2014,15107,,
Haiti,2015,16787,,
Haiti,2016,23185,,
Haiti,2017,21501,,
Honduras,2001,6546,,
Honduras,2002,6355,,
Honduras,2003,4582,,
Honduras,2004,5339,,
Honduras,2005,6825,,
Honduras,2006,8036,,
Honduras,2007,7300,,
Honduras,2008,6389,,
Honduras,2009,6290,,
Honduras,2010,6381,,
Honduras,2011,6053,,
Honduras,2012,6773,,
Honduras,2013,8795,,
Honduras,2014,8025,,
Honduras,2015,9071,,
Honduras,2016,12996,,
Honduras,2017,11147,,
Hong Kong,1994,11953,,
Hong Kong,1995,10699,,
Hong Kong,1996,11319,,
Hong Kong,1997,7974,,
Hong Kong,1998,7379,,
Hong Kong,1999,6533,,
Hong Kong,2000,7199,,
Hong Kong,2001,10282,,
Hong Kong,2002,7938,,
Hong Kong,2003,5015,,
Hong Kong,2004,5421,,
Hong Kong,2005,5004,,
Hong Kong,2006,4514,,
Hong Kong,2007,4450,,
Hong Kong,2008,4389,,
Hong Kong,2009,3389,,
Hong Kong,2010,3263,,
Hong Kong,2011,3149,,
Hong Kong,2012,2642,,
Hong Kong,2013,2614,,
Hong Kong,2014,2515,,
Hong Kong,2015,2426,,
Hong Kong,2016,2982,,
Hong Kong,2017,2893,,
Hungary,1994,809,,
Hungary,1995,850,,
Hungary,1996,1143,,
Hungary,1997,920,,
Hungary,1998,825,,
Hungary,1999,791,,
Hungary,2000,1027,,
Hungary,2001,1307,,
Hungary,2002,1354,,
Hungary,2003,1016,,
Hungary,2004,1247,,
Hungary,2005,1567,,
Hungary,2006,1690,,
Hungary,2007,1208,,
Hungary,2008,1071,,
Hungary,2009,1295,,
Hungary,2010,1006,,
Hungary,2011,1049,,
Hungary,2012,1009,,
Hungary,2013,1008,,
Hungary,2014,970,,
Hungary,2015,1037,,
Hungary,2016,999,,
Hungary,2017,924,,
India,1994,33173,,
India,1995,33060,,
India,1996,42819,,
India,1997,36092,,
India,1998,34288,,
India,1999,28355,,
India,2000,39072,,
India,2001,65673,,
India,2002,66644,,
India,2003,47032,,
India,2004,65507,,
India,2005,79139,,
India,2006,58072,,
India,2007,55371,,
India,2008,59728,,
India,2009,54360,,
India,2010,66185,,
India,2011,66331,,
India,2012,63320,,
India,2013,65506,,
India,2014,74451,,
India,2015,61380,,
India,2016,61691,,
India,2017,57155,,
Iran,1994,6998,,
Iran,1995,5646,,
Iran,1996,7299,,
Iran,1997,6291,,
Iran,1998,4945,,
Iran,1999,5042,,
Iran,2000,6505,,
Iran,2001,8003,,
Iran,2002,7684,,
Iran,2003,4696,,
Iran,2004,5898,,
Iran,2005,7306,,
Iran,2006,9829,,
Iran,2007,8098,,
Iran,2008,9920,,
Iran,2009,8840,,
Iran,2010,9078,,
Iran,2011,9015,,
Iran,2012,8955,,
Iran,2013,9658,,
Iran,2014,8894,,
Iran,2015,9074,,
Iran,2016,9596,,
Iran,2017,9311,,
Ireland,1994,16525,,
Ireland,1995,4851,,
Ireland,1996,1611,,
Ireland,1997,932,,
Ireland,1998,907,,
Ireland,1999,806,,
Ireland,2000,1279,,
Ireland,2001,1531,,
Ireland,2002,1400,,
Ireland,2003,1002,,
Ireland,2004,1518,,
Ireland,2005,2083,,
Ireland,2006,2038,,
Ireland,2007,1599,,
Ireland,2008,1499,,
Ireland,2009,1708,,
Ireland,2010,1610,,
Ireland,2011,1533,,
Ireland,2012,1694,,
Ireland,2013,1765,,
Ireland,2014,1721,,
Ireland,2015,1798,,
Ireland,2016,1895,,
Ireland,2017,1685,,
Israel,1994,3982,,
Israel,1995,3188,,
Israel,1996,4029,,
Israel,1997,2951,,
Israel,1998,2546,,
Israel,1999,2538,,
Israel,2000,3893,,
Israel,2001,4892,,
Israel,2002,4907,,
Israel,2003,3686,,
Israel,2004,5206,,
Israel,2005,6963,,
Israel,2006,6667,,
Israel,2007,4999,,
Israel,2008,6682,,
Israel,2009,6208,,
Israel,2010,5172,,
Israel,2011,4389,,
Israel,2012,4640,,
Israel,2013,4555,,
Israel,2014,4251,,
Israel,2015,4324,,
Israel,2016,4652,,
Israel,2017,4227,,
Italy,1994,2664,,
Italy,1995,2594,,
Italy,1996,2755,,
Italy,1997,2190,,
Italy,1998,1966,,
Italy,1999,1681,,
Italy,2000,2695,,
Italy,2001,3332,,
Italy,2002,2812,,
Italy,2003,1890,,
Italy,2004,2495,,
Italy,2005,3179,,
Italy,2006,3406,,
Italy,2007,2682,,
Italy,2008,2738,,
Italy,2009,3143,,
Italy,2010,2956,,
Italy,2011,2670,,
Italy,2012,2946,,
Italy,2013,3233,,
Italy,2014,3647,,
Italy,2015,3829,,
Italy,2016,4385,,
Italy,2017,4055,,
Jamaica,1994,13909,,
Jamaica,1995,16061,,
Jamaica,1996,18732,,
Jamaica,1997,17585,,
Jamaica,1998,14819,,
Jamaica,1999,14449,,
Jamaica,2000,15654,,
Jamaica,2001,15031,,
Jamaica,2002,14507,,
Jamaica,2003,13045,,
Jamaica,2004,13581,,
Jamaica,2005,17774,,
Jamaica,2006,24538,,
Jamaica,2007,18873,,
Jamaica,2008,18077,,
Jamaica,2009,21494,,
Jamaica,2010,19439,,
Jamaica,2011,19298,,
Jamaica,2012,20300,,
Jamaica,2013,19052,,
Jamaica,2014,18804,,
Jamaica,2015,17362,,
Jamaica,2016,22833,,
Jamaica,2017,21517,,
Japan,1994,6974,,
Japan,1995,5556,,
Japan,1996,6617,,
Japan,1997,5640,,
Japan,1998,5647,,
Japan,1999,4770,,
Japan,2000,7730,,
Japan,2001,10424,,
Japan,2002,9106,,
Japan,2003,6702,,
Japan,2004,8655,,
Japan,2005,9929,,
Japan,2006,9107,,
Japan,2007,7213,,
Japan,2008,7510,,
Japan,2009,8218,,
Japan,2010,7100,,
Japan,2011,6751,,
Japan,2012,6581,,
Japan,2013,6383,,
Japan,2014,5980,,
Japan,2015,5808,,
Japan,2016,5709,,
Japan,2017,5176,,
Jordan,2001,5106,,
Jordan,2002,4774,,
Jordan,2003,4008,,
Jordan,2004,5186,,
Jordan,2005,5430,,
Jordan,2006,5512,,
Jordan,2007,5516,,
Jordan,2008,5692,,
Jordan,2009,7850,,
Jordan,2010,9327,,
Jordan,2011,8211,,
Jordan,2012,7014,,
Jordan,2013,5949,,
Jordan,2014,9028,,
Jordan,2015,7835,,
Jordan,2016,7345,,
Jordan,2017,8219,,
Korea,1994,15417,,
Korea,1995,15053,,
Korea,1996,17380,,
Korea,1997,13626,,
Korea,1998,13691,,
Korea,1999,12301,,
Korea,2000,15214,,
Korea,2001,19728,,
Korea,2002,19917,,
Korea,2003,12076,,
Korea,2004,19441,,
Korea,2005,26002,,
Korea,2006,24472,,
Korea,2007,21278,,
Korea,2008,26155,,
Korea,2009,25582,,
Korea,2010,22022,,
Korea,2011,22748,,
Korea,2012,20802,,
Korea,2013,22937,,
Korea,2014,20313,,
Korea,2015,16976,,
Korea,2016,21329,,
Korea,2017,18559,,
Liberia,2001,1477,,
Liberia,2002,1467,,
Liberia,2003,1081,,
Liberia,2004,1540,,
Liberia,2005,1846,,
Liberia,2006,3736,,
Liberia,2007,3771,,
Liberia,2008,3478,,
Liberia,2009,3695,,
Liberia,2010,2924,,
Liberia,2011,3117,,
Liberia,2012,3451,,
Liberia,2013,3036,,
Liberia,2014,3681,,
Liberia,2015,3580,,
Liberia,2016,3545,,
Liberia,2017,4085,,
Mexico,1994,111415,,
Mexico,1995,90045,,
Mexico,1996,163743,,
Mexico,1997,146680,,
Mexico,1998,130661,,
Mexico,1999,146436,,
Mexico,2000,171748,,
Mexico,2001,204032,,
Mexico,2002,216924,,
Mexico,2003,114758,,
Mexico,2004,173711,,
Mexico,2005,157992,,
Mexico,2006,170042,,
Mexico,2007,143180,,
Mexico,2008,188015,,
Mexico,2009,164067,,
Mexico,2010,138717,,
Mexico,2011,142823,,
Mexico,2012,145326,,
Mexico,2013,134198,,
Mexico,2014,133107,,
Mexico,2015,157227,,
Mexico,2016,172726,,
Mexico,2017,168980,,
Morocco,2001,4752,,
Morocco,2002,3188,,
Morocco,2003,2969,,
Morocco,2004,3910,,
Morocco,2005,4165,,
Morocco,2006,4704,,
Morocco,2007,4311,,
Morocco,2008,4187,,
Morocco,2009,5235,,
Morocco,2010,4847,,
Morocco,2011,4249,,
Morocco,2012,3534,,
Morocco,2013,3202,,
Morocco,2014,3495,,
Morocco,2015,3569,,
Morocco,2016,4447,,
Morocco,2017,4066,,
Netherlands,1994,1359,,
Netherlands,1995,1284,,
Netherlands,1996,1553,,
Netherlands,1997,1197,,
Netherlands,1998,1036,,
Netherlands,1999,881,,
Netherlands,2000,1466,,
Netherlands,2001,1888,,
Netherlands,2002,2296,,
Netherlands,2003,1321,,
Netherlands,2004,1713,,
Netherlands,2005,2150,,
Netherlands,2006,1928,,
Netherlands,2007,1482,,
Netherlands,2008,1423,,
Netherlands,2009,1695,,
Netherlands,2010,1520,,
Netherlands,2011,1258,,
Netherlands,2012,1294,,
Netherlands,2013,1376,,
Netherlands,2014,1373,,
Netherlands,2015,1505,,
Netherlands,2016,1550,,
Netherlands,2017,1285,,
New Zealand,2001,1347,,
New Zealand,2002,1364,,
New Zealand,2003,1030,,
New Zealand,2004,1420,,
New Zealand,2005,1457,,
New Zealand,2006,1344,,
New Zealand,2007,1234,,
New Zealand,2008,1092,,
New Zealand,2009,1127,,
New Zealand,2010,1046,,
New Zealand,2011,1006,,
New Zealand,2012,980,,
New Zealand,2013,1027,,
New Zealand,2014,941,,
New Zealand,2015,978,,
New Zealand,2016,939,,
New Zealand,2017,900,,
Nicaragua,2001,16908,,
Nicaragua,2002,9171,,
Nicaragua,2003,3503,,
Nicaragua,2004,3842,,
Nicaragua,2005,3196,,
Nicaragua,2006,4035,,
Nicaragua,2007,3587,,
Nicaragua,2008,3486,,
Nicaragua,2009,4029,,
Nicaragua,2010,3476,,
Nicaragua,2011,3314,,
Nicaragua,2012,2943,,
Nicaragua,2013,2940,,
Nicaragua,2014,2773,,
Nicaragua,2015,3262,,
Nicaragua,2016,3397,,
Nicaragua,2017,3014,,
Norway,1994,515,,
Norway,1995,465,,
Norway,1996,552,,
Norway,1997,391,,
Norway,1998,327,,
Norway,1999,358,,
Norway,2000,513,,
Norway,2001,582,,
Norway,2002,460,,
Norway,2003,385,,
Norway,2004,457,,
Norway,2005,472,,
Norway,2006,532,,
Norway,2007,388,,
Norway,2008,386,,
Norway,2009,429,,
Norway,2010,363,,
Norway,2011,405,,
Norway,2012,314,,
Norway,2013,389,,
Norway,2014,332,,
Norway,2015,357,,
Norway,2016,404,,
Norway,2017,377,,
Norway-Sweden,1994,1804,,
Norway-Sweden,1995,1607,,
Norway-Sweden,1996,2015,,
Norway-Sweden,1997,1517,,
Norway-Sweden,1998,1344,,
Norway-Sweden,1999,1284,,
Norway-Sweden,2000,1977,,
Norway-Sweden,2001,2544,,
Norway-Sweden,2002,2082,,
Norway-Sweden,2003,1516,,
Norway-Sweden,2004,2011,,
Norway-Sweden,2005,2264,,
Norway-Sweden,2006,2111,,
Norway-Sweden,2007,1604,,
Norway-Sweden,2008,1557,,
Norway-Sweden,2009,1726,,
Norway-Sweden,2010,1662,,
Norway-Sweden,2011,1530,,
Norway-Sweden,2012,1441,,
Norway-Sweden,2013,1665,,
Norway-Sweden,2014,1479,,
Norway-Sweden,2015,1551,,
Norway-Sweden,2016,1729,,
Norway-Sweden,2017,1523,,
Panama,2001,1930,,
Panama,2002,1761,,
Panama,2003,1211,,
Panama,2004,1421,,
Panama,2005,1869,,
Panama,2006,2519,,
Panama,2007,1929,,
Panama,2008,1738,,
Panama,2009,1846,,
Panama,2010,1627,,
Panama,2011,1447,,
Panama,2012,1363,,
Panama,2013,1276,,
Panama,2014,1164,,
Panama,2015,1133,,
Panama,2016,1130,,
Panama,2017,1021,,
Paraguay,2001,464,,
Paraguay,2002,413,,
Paraguay,2003,222,,
Paraguay,2004,324,,
Paraguay,2005,523,,
Paraguay,2006,725,,
Paraguay,2007,518,,
Paraguay,2008,489,,
Paraguay,2009,551,,
Paraguay,2010,449,,
Paraguay,2011,501,,
Paraguay,2012,454,,
Paraguay,2013,437,,
Paraguay,2014,363,,
Paraguay,2015,353,,
Paraguay,2016,400,,
Paraguay,2017,364,,
Peru,2001,10838,,
Peru,2002,11737,,
Peru,2003,9169,,
Peru,2004,11369,,
Peru,2005,15205,,
Peru,2006,21300,,
Peru,2007,17056,,
Peru,2008,14873,,
Peru,2009,16706,,
Peru,2010,14063,,
Peru,2011,13836,,
Peru,2012,12414,,
Peru,2013,12370,,
Peru,2014,10450,,
Peru,2015,9973,,
Peru,2016,10519,,
Peru,2017,9767,,
Philippines,1994,52832,,
Philippines,1995,49696,,
Philippines,1996,54588,,
Philippines,1997,47842,,
Philippines,1998,33176,,
Philippines,1999,29590,,
Philippines,2000,40587,,
Philippines,2001,50644,,
Philippines,2002,48493,,
Philippines,2003,43133,,
Philippines,2004,54651,,
Philippines,2005,57654,,
Philippines,2006,71133,,
Philippines,2007,68792,,
Philippines,2008,52391,,
Philippines,2009,58107,,
Philippines,2010,56399,,
Philippines,2011,55251,,
Philippines,2012,55441,,
Philippines,2013,52955,,
Philippines,2014,48633,,
Philippines,2015,54307,,
Philippines,2016,50609,,
Philippines,2017,46542,,
Poland,1994,27597,,
Poland,1995,13570,,
Poland,1996,15504,,
Poland,1997,11729,,
Poland,1998,8202,,
Poland,1999,8487,,
Poland,2000,9773,,
Poland,2001,12308,,
Poland,2002,13274,,
Poland,2003,11004,,
Poland,2004,14048,,
Poland,2005,14836,,
Poland,2006,16704,,
Poland,2007,9717,,
Poland,2008,7896,,
Poland,2009,8384,,
Poland,2010,7391,,
Poland,2011,6634,,
Poland,2012,6024,,
Poland,2013,6073,,
Poland,2014,5437,,
Poland,2015,4921,,
Poland,2016,5287,,
Poland,2017,4592,,
Portugal,1994,2163,,
Portugal,1995,2611,,
Portugal,1996,3024,,
Portugal,1997,1690,,
Portugal,1998,1523,,
Portugal,1999,1078,,
Portugal,2000,1402,,
Portugal,2001,1611,,
Portugal,2002,1301,,
Portugal,2003,808,,
Portugal,2004,1062,,
Portugal,2005,1084,,
Portugal,2006,1439,,
Portugal,2007,1054,,
Portugal,2008,781,,
Portugal,2009,966,,
Portugal,2010,759,,
Portugal,2011,878,,
Portugal,2012,837,,
Portugal,2013,917,,
Portugal,2014,920,,
Portugal,2015,869,,
Portugal,2016,1017,,
Portugal,2017,910,,
Romania,1994,2932,,
Romania,1995,4565,,
Romania,1996,5449,,
Romania,1997,5276,,
Romania,1998,4833,,
Romania,1999,5417,,
Romania,2000,6521,,
Romania,2001,6206,,
Romania,2002,4515,,
Romania,2003,3305,,
Romania,2004,4078,,
Romania,2005,6431,,
Romania,2006,6753,,
Romania,2007,5240,,
Romania,2008,4563,,
Romania,2009,4557,,
Romania,2010,3735,,
Romania,2011,3679,,
Romania,2012,3477,,
Romania,2013,3475,,
Romania,2014,3022,,
Romania,2015,3160,,
Romania,2016,3322,,
Romania,2017,2722,,
Russia,2001,21576,,
Russia,2002,22520,,
Russia,2003,14267,,
Russia,2004,17231,,
Russia,2005,20641,,
Russia,2006,16190,,
Russia,2007,11706,,
Russia,2008,15179,,
Russia,2009,10362,,
Russia,2010,7502,,
Russia,2011,8548,,
Russia,2012,10114,,
Russia,2013,10154,,
Russia,2014,9455,,
Russia,2015,9030,,
Russia,2016,9280,,
Russia,2017,8841,,
South Africa,2001,4046,,
South Africa,2002,3685,,
South Africa,2003,2088,,
South Africa,2004,3335,,
South Africa,2005,4425,,
South Africa,2006,3173,,
South Africa,2007,2842,,
South Africa,2008,2638,,
South Africa,2009,3175,,
South Africa,2010,2705,,
South Africa,2011,2754,,
South Africa,2012,2960,,
South Africa,2013,2693,,
South Africa,2014,2871,,
South Africa,2015,3298,,
South Africa,2016,3441,,
South Africa,2017,3438,,
Soviet Union,1994,64502,,
Soviet Union,1995,54133,,
Soviet Union,1996,61895,,
Soviet Union,1997,48238,,
Soviet Union,1998,28984,,
Soviet Union,1999,32740,,
Soviet Union,2000,43807,,
Spain,1994,1756,,
Spain,1995,1664,,
Spain,1996,1970,,
Spain,1997,1607,,
Spain,1998,1185,,
Spain,1999,1074,,
Spain,2000,1406,,
Spain,2001,1875,,
Spain,2002,1588,,
Spain,2003,1102,,
Spain,2004,1453,,
Spain,2005,2002,,
Spain,2006,2387,,
Spain,2007,1810,,
Spain,2008,1970,,
Spain,2009,2118,,
Spain,2010,2040,,
Spain,2011,2319,,
Spain,2012,2316,,
Spain,2013,2970,,
Spain,2014,3341,,
Spain,2015,3707,,
Spain,2016,4018,,
Spain,2017,3555,,
Suriname,2001,254,,
Suriname,2002,223,,
Suriname,2003,175,,
Suriname,2004,170,,
Suriname,2005,287,,
Suriname,2006,341,,
Suriname,2007,193,,
Suriname,2008,225,,
Suriname,2009,214,,
Suriname,2010,202,,
Suriname,2011,167,,
Suriname,2012,216,,
Suriname,2013,170,,
Suriname,2014,160,,
Suriname,2015,116,,
Suriname,2016,130,,
Suriname,2017,111,,
Sweden,1994,1289,,
Sweden,1995,1142,,
Sweden,1996,1463,,
Sweden,1997,1126,,
Sweden,1998,1017,,
Sweden,1999,926,,
Sweden,2000,1464,,
Sweden,2001,1962,,
Sweden,2002,1622,,
Sweden,2003,1131,,
Sweden,2004,1554,,
Sweden,2005,1792,,
Sweden,2006,1579,,
Sweden,2007,1216,,
Sweden,2008,1171,,
Sweden,2009,1297,,
Sweden,2010,1299,,
Sweden,2011,1125,,
Sweden,2012,1127,,
Sweden,2013,1276,,
Sweden,2014,1147,,
Sweden,2015,1194,,
Sweden,2016,1325,,
Sweden,2017,1146,,
Switzerland,1994,1183,,
Switzerland,1995,1119,,
Switzerland,1996,1344,,
Switzerland,1997,1302,,
Switzerland,1998,1090,,
Switzerland,1999,885,,
Switzerland,2000,1349,,
Switzerland,2001,1786,,
Switzerland,2002,1493,,
Switzerland,2003,862,,
Switzerland,2004,1193,,
Switzerland,2005,1465,,
Switzerland,2006,1199,,
Switzerland,2007,885,,
Switzerland,2008,936,,
Switzerland,2009,1015,,
Switzerland,2010,868,,
Switzerland,2011,861,,
Switzerland,2012,916,,
Switzerland,2013,1040,,
Switzerland,2014,888,,
Switzerland,2015,1007,,
Switzerland,2016,1090,,
Switzerland,2017,837,,
Syria,2001,3542,,
Syria,2002,3350,,
Syria,2003,2046,,
Syria,2004,2549,,
Syria,2005,3350,,
Syria,2006,3080,,
Syria,2007,2550,,
Syria,2008,3310,,
Syria,2009,4775,,
Syria,2010,7424,,
Syria,2011,7983,,
Syria,2012,6674,,
Syria,2013,3999,,
Syria,2014,4677,,
Syria,2015,5459,,
Syria,2016,3800,,
Syria,2017,3010,,
Taiwan,2001,12457,,
Taiwan,2002,9932,,
Taiwan,2003,7168,,
Taiwan,2004,9314,,
Taiwan,2005,9389,,
Taiwan,2006,8545,,
Taiwan,2007,9053,,
Taiwan,2008,9237,,
Taiwan,2009,8105,,
Taiwan,2010,6785,,
Taiwan,2011,6206,,
Taiwan,2012,5295,,
Taiwan,2013,5336,,
Taiwan,2014,4712,,
Taiwan,2015,4814,,
Taiwan,2016,5062,,
Taiwan,2017,4787,,
Turkey,1994,3880,,
Turkey,1995,4806,,
Turkey,1996,5573,,
Turkey,1997,4596,,
Turkey,1998,4016,,
Turkey,1999,2472,,
Turkey,2000,2713,,
Turkey,2001,3463,,
Turkey,2002,3914,,
Turkey,2003,3318,,
Turkey,2004,4491,,
Turkey,2005,6449,,
Turkey,2006,6433,,
Turkey,2007,4728,,
Turkey,2008,4953,,
Turkey,2009,7943,,
Turkey,2010,7435,,
Turkey,2011,9040,,
Turkey,2012,7362,,
Turkey,2013,7189,,
Turkey,2014,7248,,
Turkey,2015,8762,,
Turkey,2016,8635,,
Turkey,2017,9144,,
United Kingdom,1994,17666,,
United Kingdom,1995,14207,,
United Kingdom,1996,15564,,
United Kingdom,1997,11950,,
United Kingdom,1998,10170,,
United Kingdom,1999,8663,,
United Kingdom,2000,14532,,
United Kingdom,2001,20118,,
United Kingdom,2002,17940,,
United Kingdom,2003,11155,,
United Kingdom,2004,16680,,
United Kingdom,2005,21956,,
United Kingdom,2006,19984,,
United Kingdom,2007,16113,,
United Kingdom,2008,16189,,
United Kingdom,2009,17417,,
United Kingdom,2010,14781,,
United Kingdom,2011,13443,,
United Kingdom,2012,13938,,
United Kingdom,2013,15321,,
United Kingdom,2014,14395,,
United Kingdom,2015,14653,,
United Kingdom,2016,14887,,
United Kingdom,2017,13318,,
Uruguay,2001,516,,
Uruguay,2002,499,,
Uruguay,2003,470,,
Uruguay,2004,750,,
Uruguay,2005,1110,,
Uruguay,2006,1639,,
Uruguay,2007,1340,,
Uruguay,2008,1380,,
Uruguay,2009,1727,,
Uruguay,2010,1286,,
Uruguay,2011,1521,,
Uruguay,2012,1348,,
Uruguay,2013,1314,,
Uruguay,2014,1098,,
Uruguay,2015,1023,,
Uruguay,2016,911,,
Uruguay,2017,952,,
Venezuela,2001,5576,,
Venezuela,2002,5529,,
Venezuela,2003,4190,,
Venezuela,2004,6335,,
Venezuela,2005,10870,,
Venezuela,2006,11758,,
Venezuela,2007,10696,,
Venezuela,2008,10689,,
Venezuela,2009,11392,,
Venezuela,2010,9497,,
Venezuela,2011,9229,,
Venezuela,2012,9464,,
Venezuela,2013,9512,,
Venezuela,2014,8289,,
Venezuela,2015,8985,,
Venezuela,2016,10590,,
Venezuela,2017,11465,,
Vietnam,1994,32387,,
Vietnam,1995,37764,,
Vietnam,1996,39922,,
Vietnam,1997,37121,,
Vietnam,1998,16534,,
Vietnam,1999,19164,,
Vietnam,2000,25340,,
Vietnam,2001,34537,,
Vietnam,2002,32372,,
Vietnam,2003,21227,,
Vietnam,2004,30074,,
Vietnam,2005,30832,,
Vietnam,2006,29701,,
Vietnam,2007,27510,,
Vietnam,2008,29807,,
Vietnam,2009,28397,,
Vietnam,2010,30065,,
Vietnam,2011,33486,,
Vietnam,2012,27578,,
Vietnam,2013,26578,,
Vietnam,2014,29825,,
Vietnam,2015,30332,,
Vietnam,2016,40412,,
Vietnam,2017,37541,,
Yugoslavia,1994,3183,,
Yugoslavia,1995,7828,,
Yugoslavia,1996,10755,,
Yugoslavia,1997,9913,,
Yugoslavia,1998,7264,,
Yugoslavia,1999,7077,,
Yugoslavia,2000,12213,,
Yugoslavia,2001,21854,,
Yugoslavia,2002,28051,,
Yugoslavia,2003,8270,,
Yugoslavia,2004,13213,,
Yugoslavia,2005,19249,,
Yugoslavia,2006,11066,,
Yugoslavia,2007,6364,,
Yugoslavia,2008,5812,,
Yugoslavia,2009,5992,,
Yugoslavia,2010,4772,,
Yugoslavia,2011,4611,,
Yugoslavia,2012,4488,,
Yugoslavia,2013,4445,,
Yugoslavia,2014,4321,,
Yugoslavia,2015,4721,,
Yugoslavia,2016,5392,,
Yugoslavia,2017,4966,,