ConflictId,DyadId,Location,SideA,SideB,DisagreementOver,IntensityLevel,TypeOfConflict,StartDate,EndDate,Outcome,Region
1-191,1,Algeria,Government of Algeria,AIS,Government,Minor (between 25 and 999 battle-related deaths),Internal armed conflict,08/27/1985,10/01/1997,Ceasefire,Africa
1-191,2,Algeria,Government of Algeria,Takfir wa'l Hijra,Government,Minor (between 25 and 999 battle-related deaths),Internal armed conflict,12/20/1990,12/31/1991,Actor ceases to exist,Africa
1-191,3,Algeria,Government of Algeria,GIA,Government,Minor (between 25 and 999 battle-related deaths),Internal armed conflict,02/10/1992,12/31/2003,Low activity (less than 25 battle-deaths),Africa
1-131,7,Angola,Government of Angola,UNITA,Government,Minor (between 25 and 999 battle-related deaths),Internal armed conflict,11/11/1975,12/24/1995,Low activity (less than 25 battle-deaths),Africa
1-90,11,Burundi,Government of Burundi,Palipehutu,Government,Minor (between 25 and 999 battle-related deaths),Internal armed conflict,11/23/1991,04/14/1992,Low activity (less than 25 battle-deaths),Africa
1-90,12,Burundi,Government of Burundi,CNDD,Government,Minor (between 25 and 999 battle-related deaths),Internal armed conflict,09/13/1994,12/31/1998,Low activity (less than 25 battle-deaths),Africa
1-90,13,Burundi,Government of Burundi,Frolina,Government,Minor (between 25 and 999 battle-related deaths),Internal armed conflict,08/13/1990,12/31/1997,Low activity (less than 25 battle-deaths),Africa
1-90,14,Burundi,Government of Burundi,CNDD-FDD ,Government,Minor (between 25 and 999 battle-related deaths),Internal armed conflict,06/07/1998,11/16/2003,Peace agreement,Africa
1-90,15,Burundi,Government of Burundi,Palipehutu-FNL,Government,Minor (between 25 and 999 battle-related deaths),Internal armed conflict,03/14/1997,08/22/2008,Peace agreement,Africa
1-91,18,Chad,Government of Chad,Revolutionary Forces of 1 April ,Government,Minor (between 25 and 999 battle-related deaths),Internal armed conflict,10/20/1989,12/31/1989,Actor ceases to exist,Africa
1-91,19,Chad,Government of Chad,MOSANAT,Government,Minor (between 25 and 999 battle-related deaths),Internal armed conflict,12/19/1988,12/31/1989,Actor ceases to exist,Africa
1-91,20,Chad,Government of Chad,Islamic Legion,Government,Minor (between 25 and 999 battle-related deaths),Internal armed conflict,11/22/1987,12/31/1990,Low activity (less than 25 battle-deaths),Africa
1-91,21,Chad,Government of Chad,CSNPD,Government,Minor (between 25 and 999 battle-related deaths),Internal armed conflict,02/21/1992,08/11/1994,Peace agreement,Africa
1-91,22,Chad,Government of Chad,CNR,Government,Minor (between 25 and 999 battle-related deaths),Internal armed conflict,06/21/1992,12/31/1994,Low activity (less than 25 battle-deaths),Africa
1-91,24,Chad,Government of Chad,FNT,Government,Minor (between 25 and 999 battle-related deaths),Internal armed conflict,12/31/1992,12/31/1994,Peace agreement,Africa
1-91,25,Chad,Government of Chad,MDD,Government,Minor (between 25 and 999 battle-related deaths),Internal armed conflict,12/31/1991,12/31/1997,Ceasefire,Africa
1-91,26,Chad,Government of Chad,FARF,Government,Minor (between 25 and 999 battle-related deaths),Internal armed conflict,08/12/1994,05/07/1998,Peace agreement,Africa
1-91,27,Chad,Government of Chad,MDJT,Government,Minor (between 25 and 999 battle-related deaths),Internal armed conflict,02/05/1999,12/14/2003,Low activity (less than 25 battle-deaths),Africa
1-213,35,Comoros,Government of Comoros,MPA/Republic of Anjouan,Territory,Minor (between 25 and 999 battle-related deaths),Internal armed conflict,09/03/1997,09/05/1997,Victory for Side B /Rebel Side,Africa
1-214,36,Congo,Government of Congo,Ninjas,Government,Minor (between 25 and 999 battle-related deaths),Internal armed conflict,11/03/1993,12/27/1993,Ceasefire,Africa
1-184,43,Djibouti,Government of Djibouti,FRUD,Government,Minor (between 25 and 999 battle-related deaths),Internal armed conflict,11/12/1991,03/04/1994,Peace agreement,Africa
1-184,44,Djibouti,Government of Djibouti,FRUD - AD,Government,Minor (between 25 and 999 battle-related deaths),Internal armed conflict,09/01/1997,08/31/1999,Peace agreement,Africa
1-70,46,Ethiopia,Government of Ethiopia,TPLF,Government,War (at least 1000 battle-related deaths),Internal armed conflict,08/27/1975,04/30/1988,Actor ceases to exist,Africa
1-70,47,Ethiopia,Government of Ethiopia,EPDM,Government,Minor (between 25 and 999 battle-related deaths),Internal armed conflict,12/31/1982,12/31/1985,Low activity (less than 25 battle-deaths),Africa
1-70,48,Ethiopia,Government of Ethiopia,EPRDF,Government,War (at least 1000 battle-related deaths),Internal armed conflict,01/08/1989,06/02/1991,Victory for Side B /Rebel Side,Africa
1-70,49,Ethiopia,Government of Ethiopia,Military faction (forces of Amsha Desta and Merid Negusie),Government,Minor (between 25 and 999 battle-related deaths),Internal armed conflict,05/16/1989,05/30/1989,Victory for Side A /Government Side,Africa
1-70,50,Ethiopia,Government of Ethiopia,EPRP,Government,Minor (between 25 and 999 battle-related deaths),Internal armed conflict,12/31/1975,12/31/1987,Low activity (less than 25 battle-deaths),Africa
1-168,51,Ethiopia,Government of Ethiopia,ALF,Territory,Minor (between 25 and 999 battle-related deaths),Internal armed conflict,06/30/1975,12/31/1976,Low activity (less than 25 battle-deaths),Africa
1-168,52,Ethiopia,Government of Ethiopia,ARDUF,Territory,Minor (between 25 and 999 battle-related deaths),Internal armed conflict,12/31/1996,12/31/1996,Low activity (less than 25 battle-deaths),Africa
1-78,53,Ethiopia,Government of Ethiopia,EPLF,Territory,War (at least 1000 battle-related deaths),Internal armed conflict,09/30/1973,05/31/1991,Victory for Side B /Rebel Side,Africa
1-133,54,Ethiopia,Government of Ethiopia,ONLF,Territory,Minor (between 25 and 999 battle-related deaths),Internal armed conflict,02/26/1994,12/31/1996,Victory for Side A /Government Side,Africa
1-219,55,Ethiopia,Government of Ethiopia,OLF,Territory,Minor (between 25 and 999 battle-related deaths),Internal armed conflict,08/31/1974,12/31/2013,Low activity (less than 25 battle-deaths),Africa
1-111,57,Guinea,Government of Guinea,RFDG,Government,Minor (between 25 and 999 battle-related deaths),Internal armed conflict,09/01/2000,07/19/2001,Low activity (less than 25 battle-deaths),Africa
1-225,89,Ivory Coast,Government of Ivory Coast,MPCI,Government,Minor (between 25 and 999 battle-related deaths),Internal armed conflict,09/19/2002,12/31/2002,Peace agreement,Africa
1-225,91,Ivory Coast,Government of Ivory Coast,MPIGO,Government,Minor (between 25 and 999 battle-related deaths),Internal armed conflict,11/28/2002,03/07/2003,Peace agreement,Africa
1-146,93,Liberia,Government of Liberia,NPFL,Government,Minor (between 25 and 999 battle-related deaths),Internal armed conflict,12/24/1989,12/31/1990,Peace agreement,Africa
1-146,94,Liberia,Government of Liberia,INPFL,Government,Minor (between 25 and 999 battle-related deaths),Internal armed conflict,05/14/1990,12/31/1990,Low activity (less than 25 battle-deaths),Africa
1-146,95,Liberia,Government of Liberia,LURD,Government,War (at least 1000 battle-related deaths),Internal armed conflict,05/31/2000,11/21/2003,Peace agreement,Africa
1-177,96,Mali,Government of Mali,MPA,Territory,Minor (between 25 and 999 battle-related deaths),Internal armed conflict,06/28/1990,09/04/1990,Peace agreement,Africa
1-177,97,Mali,Government of Mali,FIAA,Territory,Minor (between 25 and 999 battle-related deaths),Internal armed conflict,12/12/1991,12/18/1994,Ceasefire,Africa
1-135,98,Morocco,Government of Morocco,POLISARIO,Territory,Minor (between 25 and 999 battle-related deaths),Internal armed conflict,09/01/1975,11/16/1989,Low activity (less than 25 battle-deaths),Africa
1-136,99,Mozambique,Government of Mozambique,Renamo,Government,Minor (between 25 and 999 battle-related deaths),Internal armed conflict,12/31/1977,11/05/2013,Ceasefire,Africa
1-178,111,Niger,Government of Niger,CRA,Territory,Minor (between 25 and 999 battle-related deaths),Internal armed conflict,01/19/1994,09/26/1994,Peace agreement,Africa
1-212,113,Niger,Government of Niger,FDR,Territory,Minor (between 25 and 999 battle-related deaths),Internal armed conflict,03/23/1995,07/10/1995,Low activity (less than 25 battle-deaths),Africa
1-179,127,Rwanda,Government of Rwanda,FPR,Government,War (at least 1000 battle-related deaths),Internal armed conflict,10/01/1990,07/04/1994,Victory for Side B /Rebel Side,Africa
1-179,128,Rwanda,Government of Rwanda,ALiR,Government,Minor (between 25 and 999 battle-related deaths),Internal armed conflict,07/12/1996,09/30/2000,Actor ceases to exist,Africa
1-180,129,Senegal,Government of Senegal,MFDC,Territory,Minor (between 25 and 999 battle-related deaths),Internal armed conflict,12/31/1988,12/30/2011,Low activity (less than 25 battle-deaths),Africa
1-187,130,Sierra Leone,Government of Sierra Leone,RUF,Government,Minor (between 25 and 999 battle-related deaths),Internal armed conflict,03/23/1991,12/20/2001,Peace agreement,Africa
1-118,148,Uganda,Government of Uganda,UPA,Government,Minor (between 25 and 999 battle-related deaths),Internal armed conflict,12/03/1987,08/09/1992,Victory for Side A /Government Side,Africa
1-118,149,Uganda,Government of Uganda,HSM,Government,War (at least 1000 battle-related deaths),Internal armed conflict,10/19/1986,11/04/1987,Victory for Side A /Government Side,Africa
1-118,151,Uganda,Government of Uganda,LRA,Government,Minor (between 25 and 999 battle-related deaths),Internal armed conflict,02/25/1988,08/26/2006,Peace agreement,Africa
1-118,152,Uganda,Government of Uganda,WNBF,Government,Minor (between 25 and 999 battle-related deaths),Internal armed conflict,10/18/1995,12/31/1996,Low activity (less than 25 battle-deaths),Africa
1-118,153,Uganda,Government of Uganda,ADF,Government,Minor (between 25 and 999 battle-related deaths),Internal armed conflict,11/13/1996,12/31/2007,Low activity (less than 25 battle-deaths),Africa
1-167,158,Comoros,Government of Comoros,Presidential guard,Government,Minor (between 25 and 999 battle-related deaths),Internal armed conflict,11/27/1989,11/29/1989,Victory for Side B /Rebel Side,Africa
1-192,190,Angola,Government of Angola,FLEC-FAC,Territory,Minor (between 25 and 999 battle-related deaths),Internal armed conflict,06/06/1992,12/31/2009,Low activity (less than 25 battle-deaths),Africa
1-192,191,Angola,Government of Angola,FLEC-R,Territory,Minor (between 25 and 999 battle-related deaths),Internal armed conflict,06/03/1991,12/31/2002,Low activity (less than 25 battle-deaths),Africa
1-141,207,Somalia,Government of Somalia,SNM,Government,Minor (between 25 and 999 battle-related deaths),Internal armed conflict,04/30/1982,12/31/1991,Low activity (less than 25 battle-deaths),Africa
1-141,208,Somalia,Government of Somalia,SPM,Government,Minor (between 25 and 999 battle-related deaths),Internal armed conflict,04/14/1989,12/31/1991,Low activity (less than 25 battle-deaths),Africa
1-141,209,Somalia,Government of Somalia,SSDF,Government,Minor (between 25 and 999 battle-related deaths),Internal armed conflict,01/18/1982,12/31/1984,Low activity (less than 25 battle-deaths),Africa
1-141,210,Somalia,Government of Somalia,USC/SSA,Government,War (at least 1000 battle-related deaths),Internal armed conflict,07/28/1990,01/26/1991,Victory for Side B /Rebel Side,Africa
1-141,211,Somalia,Government of Somalia,USC/SNA,Government,Minor (between 25 and 999 battle-related deaths),Internal armed conflict,09/07/1991,12/20/1996,Actor ceases to exist,Africa
1-141,212,Somalia,Government of Somalia,SRRC,Government,Minor (between 25 and 999 battle-related deaths),Internal armed conflict,05/12/2001,10/28/2002,Actor ceases to exist,Africa
1-119,216,United Kingdom,Government of United Kingdom,PIRA,Territory,Minor (between 25 and 999 battle-related deaths),Internal armed conflict,08/11/1970,11/26/1991,Low activity (less than 25 battle-deaths),Europe
1-10,217,Philippines,Government of Philippines,CPP,Government,Minor (between 25 and 999 battle-related deaths),Internal armed conflict,09/30/1969,12/30/1997,Ceasefire,Asia
1-183,219,Trinidad and Tobago,Government of Trinidad and Tobago,Jamaat al-Muslimeen,Government,Minor (between 25 and 999 battle-related deaths),Internal armed conflict,07/27/1990,08/02/1990,Victory for Side A /Government Side,Americas
1-10,220,Philippines,Government of Philippines,"Military faction (forces of Honasan, Abenina & Zumel)",Government,Minor (between 25 and 999 battle-related deaths),Internal armed conflict,01/27/1987,12/31/1990,Low activity (less than 25 battle-deaths),Asia
1-126,223,Bangladesh,Government of Bangladesh,JSS/SB,Territory,Minor (between 25 and 999 battle-related deaths),Internal armed conflict,02/28/1975,12/31/1991,Ceasefire,Asia
1-120,225,El Salvador,Government of El Salvador,FMLN,Government,Minor (between 25 and 999 battle-related deaths),Internal armed conflict,05/18/1980,11/18/1991,Peace agreement,Americas
1-36,228,Guatemala,Government of Guatemala,URNG,Government,Minor (between 25 and 999 battle-related deaths),Internal armed conflict,03/31/1982,12/31/1995,Peace agreement,Americas
1-205,230,Mexico,Government of Mexico,EZLN,Government,Minor (between 25 and 999 battle-related deaths),Internal armed conflict,01/01/1994,01/12/1994,Ceasefire,Americas
1-140,231,Nicaragua,Government of Nicaragua,Contras/FDN,Government,Minor (between 25 and 999 battle-related deaths),Internal armed conflict,03/18/1982,04/19/1990,Ceasefire,Americas
1-95,235,Peru,Government of Peru,Sendero Luminoso,Government,Minor (between 25 and 999 battle-related deaths),Internal armed conflict,08/15/1981,12/30/2010,Ceasefire,Americas
1-92,237,Colombia,Government of Colombia,FARC,Government,Minor (between 25 and 999 battle-related deaths),Internal armed conflict,12/31/1964,12/31/2068,Low activity (less than 25 battle-deaths),Americas
1-185,239,Georgia,Government of Georgia,National Guard and Mkhedrioni,Government,Minor (between 25 and 999 battle-related deaths),Internal armed conflict,12/22/1991,01/06/1992,Victory for Side B /Rebel Side,Europe
1-196,241,Egypt,Government of Egypt,al-Gama'a al-Islamiyya,Government,Minor (between 25 and 999 battle-related deaths),Internal armed conflict,10/08/1981,11/02/1998,Ceasefire,Middle East
1-112,242,Philippines,Government of Philippines,MILF,Territory,Minor (between 25 and 999 battle-related deaths),Internal armed conflict,02/01/1990,12/31/2011,Peace agreement,Asia
1-157,243,Sri Lanka,Government of Sri Lanka,LTTE,Territory,War (at least 1000 battle-related deaths),Internal armed conflict,07/27/1975,07/04/2009,Victory for Side A /Government Side,Asia
1-186,244,Haiti,Government of Haiti,Military faction (forces of Himmler Rebu and Guy Francois) ,Government,Minor (between 25 and 999 battle-related deaths),Internal armed conflict,04/03/1989,04/11/1989,Victory for Side A /Government Side,Americas
1-225,245,Ivory Coast,Government of Ivory Coast,MJP,Government,Minor (between 25 and 999 battle-related deaths),Internal armed conflict,12/03/2002,03/07/2003,Peace agreement,Africa
1-143,246,Iran,Government of Iran,MEK,Government,Minor (between 25 and 999 battle-related deaths),Internal armed conflict,08/13/1972,09/16/2001,Low activity (less than 25 battle-deaths),Middle East
1-112,247,Philippines,Government of Philippines,MNLF,Territory,Minor (between 25 and 999 battle-related deaths),Internal armed conflict,10/31/1972,11/07/1993,Ceasefire,Asia
1-119,248,United Kingdom,Government of United Kingdom,RIRA,Territory,Minor (between 25 and 999 battle-related deaths),Internal armed conflict,08/15/1998,08/15/1998,Ceasefire,Europe
1-112,249,Philippines,Government of Philippines,ASG,Territory,Minor (between 25 and 999 battle-related deaths),Internal armed conflict,05/03/1993,12/19/2007,Low activity (less than 25 battle-deaths),Asia
1-186,251,Haiti,Government of Haiti,Military faction (forces of Raol Cédras) ,Government,Minor (between 25 and 999 battle-related deaths),Internal armed conflict,09/30/1991,10/02/1991,Victory for Side B /Rebel Side,Americas
1-112,252,Philippines,Government of Philippines,MNLF - NM,Territory,Minor (between 25 and 999 battle-related deaths),Internal armed conflict,11/19/2001,09/30/2013,Victory for Side A /Government Side,Asia
1-117,256,Sri Lanka,Government of Sri Lanka,JVP,Government,Minor (between 25 and 999 battle-related deaths),Internal armed conflict,04/05/1971,02/23/1990,Victory for Side A /Government Side,Asia
1-197,259,Georgia,Government of Georgia,Republic of Abkhazia,Territory,War (at least 1000 battle-related deaths),Internal armed conflict,08/14/1992,12/01/1993,Peace agreement,Europe
1-6,260,Iran,Government of Iran,KDPI,Territory,Minor (between 25 and 999 battle-related deaths),Internal armed conflict,05/31/1946,12/31/2068,Low activity (less than 25 battle-deaths),Middle East
1-139,262,India,Government of India,ATTF,Territory,Minor (between 25 and 999 battle-related deaths),Internal armed conflict,10/04/1992,11/07/1997,Low activity (less than 25 battle-deaths),Asia
1-139,269,India,Government of India,NLFT,Territory,Minor (between 25 and 999 battle-related deaths),Internal armed conflict,10/11/1992,12/31/2003,Ceasefire,Asia
1-190,272,Serbia (Yugoslavia),Government of Serbia (Yugoslavia),Republic of Croatia,Territory,War (at least 1000 battle-related deaths),Internal armed conflict,07/15/1991,12/31/1991,Actor ceases to exist,Europe
1-190,273,Serbia (Yugoslavia),Government of Serbia (Yugoslavia),Croatian irregulars,Territory,War (at least 1000 battle-related deaths),Internal armed conflict,07/10/1991,12/31/1991,Actor ceases to exist,Europe
1-74,279,Iraq,Government of Iraq,KDP,Territory,Minor (between 25 and 999 battle-related deaths),Internal armed conflict,12/31/1961,12/31/1991,Low activity (less than 25 battle-deaths),Middle East
1-189,281,Serbia (Yugoslavia),Government of Serbia (Yugoslavia),Republic of Slovenia,Territory,Minor (between 25 and 999 battle-related deaths),Internal armed conflict,06/27/1991,07/12/1991,Ceasefire,Europe
1-133,283,Ethiopia,Government of Ethiopia,AIAI,Territory,Minor (between 25 and 999 battle-related deaths),Internal armed conflict,10/13/1993,12/31/1999,Low activity (less than 25 battle-deaths),Africa
1-74,285,Iraq,Government of Iraq,PUK,Territory,Minor (between 25 and 999 battle-related deaths),Internal armed conflict,12/31/1976,11/30/1996,Low activity (less than 25 battle-deaths),Middle East
1-54,286,India,Government of India,NSCN-IM,Territory,Minor (between 25 and 999 battle-related deaths),Internal armed conflict,08/24/1982,12/31/2000,Ceasefire,Asia
1-222,287,Central African Republic,Government of Central African Republic,Forces of Francois Bozize,Government,Minor (between 25 and 999 battle-related deaths),Internal armed conflict,09/20/2002,12/19/2002,Victory for Side B /Rebel Side,Africa
1-185,289,Georgia,Government of Georgia,Zviadists,Government,Minor (between 25 and 999 battle-related deaths),Internal armed conflict,01/21/1992,12/31/1993,Victory for Side A /Government Side,Europe
1-194,292,Bosnia-Herzegovina,Government of Bosnia-Herzegovina,Serbian Republic of Bosnia-Herzegovina,Territory,War (at least 1000 battle-related deaths),Internal armed conflict,04/27/1992,11/21/1995,Peace agreement,Europe
1-203,293,Bosnia-Herzegovina,Government of Bosnia-Herzegovina,Croatian Republic of Bosnia-Herzegovina,Territory,Minor (between 25 and 999 battle-related deaths),Internal armed conflict,10/20/1992,03/01/1994,Peace agreement,Europe
1-202,294,Bosnia-Herzegovina,Government of Bosnia-Herzegovina,Autonomous Province of Western Bosnia,Territory,Minor (between 25 and 999 battle-related deaths),Internal armed conflict,07/21/1993,08/07/1995,Victory for Side A /Government Side,Europe
1-170,296,India,Government of India,ULFA,Territory,Minor (between 25 and 999 battle-related deaths),Internal armed conflict,12/31/1983,10/16/2010,Ceasefire,Asia
1-198,297,Georgia,Government of Georgia,Republic of South Ossetia,Territory,Minor (between 25 and 999 battle-related deaths),Internal armed conflict,12/22/1991,08/19/2004,Ceasefire,Europe
1-62,298,Iraq,Government of Iraq,SCIRI,Government,Minor (between 25 and 999 battle-related deaths),Internal armed conflict,08/01/1982,12/31/1996,Low activity (less than 25 battle-deaths),Middle East
1-205,299,Mexico,Government of Mexico,EPR,Government,Minor (between 25 and 999 battle-related deaths),Internal armed conflict,07/16/1996,12/31/1996,Low activity (less than 25 battle-deaths),Americas
1-194,300,Bosnia-Herzegovina,Government of Bosnia-Herzegovina,Serbian irregulars,Territory,Minor (between 25 and 999 battle-related deaths),Internal armed conflict,04/27/1992,12/31/1995,Actor ceases to exist,Europe
1-203,301,Bosnia-Herzegovina,Government of Bosnia-Herzegovina,Croatian irregulars,Territory,Minor (between 25 and 999 battle-related deaths),Internal armed conflict,05/31/1993,12/31/1994,Actor ceases to exist,Europe
1-195,303,Croatia,Government of Croatia,Serbian Republic of Krajina,Territory,Minor (between 25 and 999 battle-related deaths),Internal armed conflict,04/29/1992,11/12/1995,Peace agreement,Europe
1-34,304,Myanmar (Burma),Government of Myanmar (Burma),KIO,Territory,Minor (between 25 and 999 battle-related deaths),Internal armed conflict,02/28/1961,12/31/1992,Ceasefire,Asia
1-24,305,Myanmar (Burma),Government of Myanmar (Burma),CPB,Government,War (at least 1000 battle-related deaths),Internal armed conflict,05/31/1948,12/31/1988,Actor ceases to exist,Asia
1-23,306,Myanmar (Burma),Government of Myanmar (Burma),KNU,Territory,Minor (between 25 and 999 battle-related deaths),Internal armed conflict,12/31/1966,12/31/2011,Ceasefire,Asia
1-67,307,Myanmar (Burma),Government of Myanmar (Burma),RCSS,Territory,Minor (between 25 and 999 battle-related deaths),Internal armed conflict,09/28/1996,12/31/2013,Low activity (less than 25 battle-deaths),Asia
1-67,308,Myanmar (Burma),Government of Myanmar (Burma),MTA,Territory,Minor (between 25 and 999 battle-related deaths),Internal armed conflict,12/31/1985,12/31/1995,Ceasefire,Asia
1-227,309,India,Government of India,ABSU,Territory,Minor (between 25 and 999 battle-related deaths),Internal armed conflict,02/16/1989,12/31/1990,Low activity (less than 25 battle-deaths),Asia
1-26,310,Myanmar (Burma),Government of Myanmar (Burma),NMSP,Territory,Minor (between 25 and 999 battle-related deaths),Internal armed conflict,12/31/1959,12/31/2063,Low activity (less than 25 battle-deaths),Asia
1-56,311,Myanmar (Burma),Government of Myanmar (Burma),KNPP,Territory,Minor (between 25 and 999 battle-related deaths),Internal armed conflict,12/31/1957,12/31/2057,Low activity (less than 25 battle-deaths),Asia
1-25,312,Myanmar (Burma),Government of Myanmar (Burma),RSO,Territory,Minor (between 25 and 999 battle-related deaths),Internal armed conflict,12/26/1991,06/23/1994,Low activity (less than 25 battle-deaths),Asia
1-227,313,India,Government of India,NDFB,Territory,Minor (between 25 and 999 battle-related deaths),Internal armed conflict,10/08/1992,10/15/2004,Ceasefire,Asia
1-23,314,Myanmar (Burma),Government of Myanmar (Burma),God's Army,Territory,Minor (between 25 and 999 battle-related deaths),Internal armed conflict,01/27/2000,12/31/2000,Victory for Side A /Government Side,Asia
1-95,319,Peru,Government of Peru,MRTA,Government,Minor (between 25 and 999 battle-related deaths),Internal armed conflict,12/01/1987,12/31/1993,Low activity (less than 25 battle-deaths),Americas
1-228,321,Myanmar (Burma),Government of Myanmar (Burma),UWSA,Territory,Minor (between 25 and 999 battle-related deaths),Internal armed conflict,03/16/1997,07/15/1997,Victory for Side B /Rebel Side,Asia
1-24,322,Myanmar (Burma),Government of Myanmar (Burma),ABSDF,Government,Minor (between 25 and 999 battle-related deaths),Internal armed conflict,12/31/1990,12/31/1994,Low activity (less than 25 battle-deaths),Asia
1-152,325,India,Government of India,PLA,Territory,Minor (between 25 and 999 battle-related deaths),Internal armed conflict,04/26/1979,12/31/2006,Low activity (less than 25 battle-deaths),Asia
1-26,326,Myanmar (Burma),Government of Myanmar (Burma),BMA,Territory,Minor (between 25 and 999 battle-related deaths),Internal armed conflict,12/23/1996,12/23/1996,Victory for Side A /Government Side,Asia
1-137,327,Afghanistan,Government of Afghanistan,Taleban,Government,War (at least 1000 battle-related deaths),Internal armed conflict,02/18/1995,09/26/1996,Victory for Side B /Rebel Side,Asia
1-188,330,Turkey,Government of Turkey,Devrimci Sol,Government,Minor (between 25 and 999 battle-related deaths),Internal armed conflict,12/31/1987,12/31/1992,Low activity (less than 25 battle-deaths),Middle East
1-159,333,Turkey,Government of Turkey,PKK,Territory,Minor (between 25 and 999 battle-related deaths),Internal armed conflict,05/01/1983,02/26/2013,Ceasefire,Middle East
1-152,336,India,Government of India,UNLF,Territory,Minor (between 25 and 999 battle-related deaths),Internal armed conflict,08/29/1993,12/28/2009,Low activity (less than 25 battle-deaths),Asia
1-174,337,Papua New Guinea,Government of Papua New Guinea,BRA,Territory,Minor (between 25 and 999 battle-related deaths),Internal armed conflict,04/06/1989,11/28/1996,Ceasefire,Asia
1-209,340,Pakistan,Government of Pakistan,MQM,Government,Minor (between 25 and 999 battle-related deaths),Internal armed conflict,02/11/1990,09/04/1996,Low activity (less than 25 battle-deaths),Asia
1-92,342,Colombia,Government of Colombia,ELN,Government,Minor (between 25 and 999 battle-related deaths),Internal armed conflict,01/07/1965,12/31/2066,Low activity (less than 25 battle-deaths),Americas
1-92,343,Colombia,Government of Colombia,EPL,Government,Minor (between 25 and 999 battle-related deaths),Internal armed conflict,01/06/1968,12/31/2004,Low activity (less than 25 battle-deaths),Americas
1-134,344,Indonesia,Government of Indonesia,Fretilin,Territory,Minor (between 25 and 999 battle-related deaths),Internal armed conflict,12/07/1975,09/22/1999,Peace agreement,Asia
1-171,347,Indonesia,Government of Indonesia,GAM,Territory,Minor (between 25 and 999 battle-related deaths),Internal armed conflict,05/02/1989,10/12/2005,Peace agreement,Asia
1-206,348,Russia (Soviet Union),Government of Russia (Soviet Union),Chechen Republic of Ichkeria,Territory,Minor (between 25 and 999 battle-related deaths),Internal armed conflict,11/25/1994,10/07/2007,Actor ceases to exist,Europe
1-72,349,Nepal,Government of Nepal,CPN-M,Government,Minor (between 25 and 999 battle-related deaths),Internal armed conflict,02/25/1996,09/21/2006,Peace agreement,Asia
1-204,350,Russia (Soviet Union),Government of Russia (Soviet Union),Parliamentary Forces,Government,Minor (between 25 and 999 battle-related deaths),Internal armed conflict,09/23/1993,10/04/1993,Victory for Side A /Government Side,Europe
1-146,352,Liberia,Government of Liberia,MODEL,Government,Minor (between 25 and 999 battle-related deaths),Internal armed conflict,04/27/2003,08/18/2003,Peace agreement,Africa
1-200,353,Tajikistan,Government of Tajikistan,UTO,Government,Minor (between 25 and 999 battle-related deaths),Internal armed conflict,05/06/1992,11/16/1998,Victory for Side A /Government Side,Asia
1-175,357,Rumania,Government of Rumania,NSF,Government,Minor (between 25 and 999 battle-related deaths),Internal armed conflict,12/22/1989,12/23/1989,Victory for Side B /Rebel Side,Europe
1-193,361,Azerbaijan,Government of Azerbaijan,Republic of Nagorno-Karabakh,Territory,Minor (between 25 and 999 battle-related deaths),Internal armed conflict,12/29/1991,12/31/2008,Low activity (less than 25 battle-deaths),Europe
1-201,362,Azerbaijan,Government of Azerbaijan,Military faction (forces of Suret Husseinov),Government,Minor (between 25 and 999 battle-related deaths),Internal armed conflict,06/04/1993,06/18/1993,Victory for Side B /Rebel Side,Europe
1-103,364,Cambodia (Kampuchea),Government of Cambodia (Kampuchea),KR,Government,Minor (between 25 and 999 battle-related deaths),Internal armed conflict,04/30/1967,10/26/1998,Victory for Side A /Government Side,Asia
1-147,366,Spain,Government of Spain,ETA,Territory,Minor (between 25 and 999 battle-related deaths),Internal armed conflict,06/07/1968,12/13/1991,Low activity (less than 25 battle-deaths),Europe
1-199,367,Moldova,Government of Moldova,PMR,Territory,Minor (between 25 and 999 battle-related deaths),Internal armed conflict,12/13/1991,07/21/1992,Ceasefire,Europe
1-220,368,Russia (Soviet Union),Government of Russia (Soviet Union),Wahhabi movement of the Buinaksk district,Territory,Minor (between 25 and 999 battle-related deaths),Internal armed conflict,08/29/1999,09/24/1999,Victory for Side A /Government Side,Europe
1-181,370,Russia (Soviet Union),Government of Russia (Soviet Union),Republic of Armenia,Territory,Minor (between 25 and 999 battle-related deaths),Internal armed conflict,01/19/1990,12/21/1991,Actor ceases to exist,Europe
1-182,373,Russia (Soviet Union),Government of Russia (Soviet Union),APF,Territory,Minor (between 25 and 999 battle-related deaths),Internal armed conflict,01/19/1990,01/20/1990,Victory for Side A /Government Side,Europe
1-207,375,Yemen (North Yemen),Government of Yemen (North Yemen),Democratic Republic of Yemen,Territory,War (at least 1000 battle-related deaths),Internal armed conflict,02/21/1994,07/04/1994,Victory for Side A /Government Side,Middle East
1-37,377,Israel,Government of Israel,Fatah,Territory,Minor (between 25 and 999 battle-related deaths),Internal armed conflict,02/28/1965,11/27/2007,Peace agreement,Middle East
1-103,378,Cambodia (Kampuchea),Government of Cambodia (Kampuchea),KPNLF,Government,Minor (between 25 and 999 battle-related deaths),Internal armed conflict,11/30/1979,10/23/1991,Peace agreement,Asia
1-103,379,Cambodia (Kampuchea),Government of Cambodia (Kampuchea),FUNCINPEC,Government,Minor (between 25 and 999 battle-related deaths),Internal armed conflict,12/31/1982,12/31/1997,Peace agreement,Asia
1-37,380,Israel,Government of Israel,PIJ,Territory,Minor (between 25 and 999 battle-related deaths),Internal armed conflict,08/31/1987,12/31/2012,Low activity (less than 25 battle-deaths),Middle East
1-37,381,Israel,Government of Israel,Hamas,Territory,Minor (between 25 and 999 battle-related deaths),Internal armed conflict,05/31/1989,12/31/2012,Ceasefire,Middle East
1-65,382,Laos,Government of Laos,LRM,Government,Minor (between 25 and 999 battle-related deaths),Internal armed conflict,08/25/1989,04/10/1990,Victory for Side A /Government Side,Asia
1-156,387,India,Government of India,Sikh insurgents,Territory,Minor (between 25 and 999 battle-related deaths),Internal armed conflict,09/20/1981,12/31/1993,Low activity (less than 25 battle-deaths),Asia
1-29,405,India,Government of India,PWG,Government,Minor (between 25 and 999 battle-related deaths),Internal armed conflict,07/29/1987,10/14/2004,Actor ceases to exist,Asia
1-29,406,India,Government of India,MCC,Government,Minor (between 25 and 999 battle-related deaths),Internal armed conflict,02/12/1992,10/14/2004,Actor ceases to exist,Asia
1-201,407,Azerbaijan,Government of Azerbaijan,OPON Forces,Government,Minor (between 25 and 999 battle-related deaths),Internal armed conflict,09/30/1994,03/17/1995,Victory for Side A /Government Side,Europe
1-137,411,Afghanistan,Government of Afghanistan,Jam'iyyat-i Islami-yi Afghanistan,Government,Minor (between 25 and 999 battle-related deaths),Internal armed conflict,12/31/1975,12/31/1996,Actor ceases to exist,Asia
1-137,412,Afghanistan,Government of Afghanistan,Hizb-i Islami-yi Afghanistan,Government,Minor (between 25 and 999 battle-related deaths),Internal armed conflict,03/31/1980,12/31/2006,Low activity (less than 25 battle-deaths),Asia
1-137,413,Afghanistan,Government of Afghanistan,Hizb-i Wahdat,Government,Minor (between 25 and 999 battle-related deaths),Internal armed conflict,12/31/1989,12/31/1995,Ceasefire,Asia
1-200,415,Tajikistan,Government of Tajikistan,Forces of Khudoberdiyev,Government,Minor (between 25 and 999 battle-related deaths),Internal armed conflict,06/17/1997,11/16/1998,Victory for Side A /Government Side,Asia
1-37,419,Israel,Government of Israel,PFLP,Territory,Minor (between 25 and 999 battle-related deaths),Internal armed conflict,01/06/1970,12/31/2001,Low activity (less than 25 battle-deaths),Middle East
1-137,422,Afghanistan,Government of Afghanistan,Junbish-i Milli-yi Islami,Government,Minor (between 25 and 999 battle-related deaths),Internal armed conflict,03/08/1993,12/31/1995,Ceasefire,Asia
1-37,426,Israel,Government of Israel,AMB,Territory,Minor (between 25 and 999 battle-related deaths),Internal armed conflict,11/29/2001,12/31/2004,Actor ceases to exist,Middle East
1-37,427,Israel,Government of Israel,PNA,Territory,Minor (between 25 and 999 battle-related deaths),Internal armed conflict,09/25/1996,12/31/2002,Ceasefire,Middle East
1-37,428,Israel,Government of Israel,PFLP-GC,Territory,Minor (between 25 and 999 battle-related deaths),Internal armed conflict,07/31/1973,12/31/1989,Low activity (less than 25 battle-deaths),Middle East
1-118,431,Uganda,Government of Uganda,UNRF II,Government,Minor (between 25 and 999 battle-related deaths),Internal armed conflict,06/23/1996,12/31/1997,Low activity (less than 25 battle-deaths),Africa
1-113,433,Sudan,Government of Sudan,SLM/A,Government,Minor (between 25 and 999 battle-related deaths),Internal armed conflict,04/09/2003,11/13/2011,Actor ceases to exist,Africa
1-113,434,Sudan,Government of Sudan,JEM,Government,Minor (between 25 and 999 battle-related deaths),Internal armed conflict,10/04/2003,11/13/2011,Actor ceases to exist,Africa
1-130,435,Eritrea,Government of Eritrea,EIJM - AS,Government,Minor (between 25 and 999 battle-related deaths),Internal armed conflict,12/16/1993,08/09/2003,Low activity (less than 25 battle-deaths),Africa
1-225,439,Ivory Coast,Government of Ivory Coast,FRCI,Government,Minor (between 25 and 999 battle-related deaths),Internal armed conflict,06/07/2004,11/09/2004,Peace agreement,Africa
1-186,440,Haiti,Government of Haiti,FLRN,Government,Minor (between 25 and 999 battle-related deaths),Internal armed conflict,02/05/2004,02/29/2004,Victory for Side B /Rebel Side,Americas
1-186,441,Haiti,Government of Haiti,OP Lavalas (Chimères) ,Government,Minor (between 25 and 999 battle-related deaths),Internal armed conflict,09/30/2004,12/31/2004,Low activity (less than 25 battle-deaths),Americas
1-221,444,Uzbekistan,Government of Uzbekistan,JIG,Government,Minor (between 25 and 999 battle-related deaths),Internal armed conflict,03/29/2004,07/30/2004,Victory for Side A /Government Side,Asia
1-249,446,Nigeria,Government of Nigeria,Ahlul Sunnah Jamaa,Territory,Minor (between 25 and 999 battle-related deaths),Internal armed conflict,12/28/2003,10/08/2004,Victory for Side A /Government Side,Africa
1-91,455,Chad,Government of Chad,FUCD,Government,Minor (between 25 and 999 battle-related deaths),Internal armed conflict,12/18/2005,12/24/2006,Peace agreement,Africa
1-188,457,Turkey,Government of Turkey,MKP,Government,Minor (between 25 and 999 battle-related deaths),Internal armed conflict,12/31/1987,10/17/2005,Victory for Side A /Government Side,Middle East
1-143,459,Iran,Government of Iran,PJAK,Government,Minor (between 25 and 999 battle-related deaths),Internal armed conflict,07/26/2005,12/27/2011,Ceasefire,Middle East
1-172,461,Panama,Government of Panama,Military faction (forces of Moisés Giroldi) ,Government,Minor (between 25 and 999 battle-related deaths),Internal armed conflict,10/03/1989,10/03/1989,Victory for Side A /Government Side,Americas
1-1,462,Bolivia,Government of Bolivia,Popular Revolutionary Movement,Government,War (at least 1000 battle-related deaths),Internal armed conflict,06/30/1946,07/21/2046,Victory for Side B /Rebel Side,Americas
1-1,463,Bolivia,Government of Bolivia,MNR,Government,Minor (between 25 and 999 battle-related deaths),Internal armed conflict,04/09/1952,04/12/2052,Victory for Side B /Rebel Side,Americas
1-1,464,Bolivia,Government of Bolivia,ELN,Government,Minor (between 25 and 999 battle-related deaths),Internal armed conflict,03/31/1967,10/16/2067,Victory for Side A /Government Side,Americas
1-3,466,China,Government of China,PLA,Government,War (at least 1000 battle-related deaths),Internal armed conflict,12/31/1946,12/08/2049,Victory for Side B /Rebel Side,Asia
1-4,467,Greece,Government of Greece,DSE,Government,War (at least 1000 battle-related deaths),Internal armed conflict,03/31/1946,10/16/2049,Victory for Side A /Government Side,Europe
1-10,469,Philippines,Government of Philippines,Huk,Government,War (at least 1000 battle-related deaths),Internal armed conflict,07/31/1946,12/31/2054,Victory for Side A /Government Side,Asia
1-163,471,Togo,Government of Togo,MTD,Government,Minor (between 25 and 999 battle-related deaths),Internal armed conflict,09/23/1986,09/24/1986,Victory for Side A /Government Side,Africa
1-250,473,Nigeria,Government of Nigeria,NDPVF,Territory,Minor (between 25 and 999 battle-related deaths),Internal armed conflict,06/04/2004,09/20/2004,Ceasefire,Africa
1-22,474,Paraguay,Government of Paraguay,Military faction (forces of Andres Rodriguez),Government,Minor (between 25 and 999 battle-related deaths),Internal armed conflict,02/03/1989,02/03/1989,Victory for Side B /Rebel Side,Americas
1-80,475,Venezuela,Government of Venezuela,Military faction (forces of Hugo Chávez) ,Government,Minor (between 25 and 999 battle-related deaths),Internal armed conflict,02/04/1992,11/29/1992,Victory for Side A /Government Side,Americas
1-137,476,Afghanistan,Government of Afghanistan,Military faction (forces of Shahnawaz Tanay),Government,Minor (between 25 and 999 battle-related deaths),Internal armed conflict,03/06/1990,03/08/1990,Victory for Side A /Government Side,Asia
1-11,478,Russia (Soviet Union),Government of Russia (Soviet Union),Forest Brothers,Territory,Minor (between 25 and 999 battle-related deaths),Internal armed conflict,12/31/1944,12/31/2048,Low activity (less than 25 battle-deaths),Europe
1-12,479,Russia (Soviet Union),Government of Russia (Soviet Union),LTS(p)A,Territory,Minor (between 25 and 999 battle-related deaths),Internal armed conflict,12/31/1945,12/31/2046,Low activity (less than 25 battle-deaths),Europe
1-12,481,Russia (Soviet Union),Government of Russia (Soviet Union),LNPA,Territory,Minor (between 25 and 999 battle-related deaths),Internal armed conflict,12/31/1945,12/31/2046,Low activity (less than 25 battle-deaths),Europe
1-13,482,Russia (Soviet Union),Government of Russia (Soviet Union),BDPS,Territory,Minor (between 25 and 999 battle-related deaths),Internal armed conflict,06/30/1946,12/31/2048,Low activity (less than 25 battle-deaths),Europe
1-14,483,Russia (Soviet Union),Government of Russia (Soviet Union),UPA,Territory,Minor (between 25 and 999 battle-related deaths),Internal armed conflict,12/31/1941,12/31/2050,Low activity (less than 25 battle-deaths),Europe
1-90,485,Burundi,Government of Burundi,Military faction (forces loyal to Gervais Nyangoma),Government,Minor (between 25 and 999 battle-related deaths),Internal armed conflict,10/18/1965,10/19/2065,Victory for Side A /Government Side,Africa
1-165,487,Burkina Faso,Government of Burkina Faso,Popular Front,Government,Minor (between 25 and 999 battle-related deaths),Internal armed conflict,10/15/1987,10/15/1987,Victory for Side B /Rebel Side,Africa
1-125,490,Chile,Government of Chile,"Military faction (forces of Augusto Pinochet, Toribio Merino and Leigh Guzman) ",Government,Minor (between 25 and 999 battle-related deaths),Internal armed conflict,09/11/1973,09/11/1973,Victory for Side B /Rebel Side,Americas
1-123,491,Uruguay,Government of Uruguay,MLN/Tupamaros,Government,Minor (between 25 and 999 battle-related deaths),Internal armed conflict,04/13/1970,12/31/1972,Victory for Side A /Government Side,Americas
1-93,493,Dominican Republic,Government of Dominican Republic,Military faction (constitutionalists),Government,Minor (between 25 and 999 battle-related deaths),Internal armed conflict,04/24/1965,08/31/2065,Low activity (less than 25 battle-deaths),Americas
1-100,494,Nigeria,Government of Nigeria,Military faction (forces of Patrick Nzeogwu),Government,Minor (between 25 and 999 battle-related deaths),Internal armed conflict,01/15/1966,07/29/2066,Victory for Side B /Rebel Side,Africa
1-92,495,Colombia,Government of Colombia,M-19,Government,Minor (between 25 and 999 battle-related deaths),Internal armed conflict,01/15/1978,12/31/1988,Peace agreement,Americas
1-94,498,Indonesia,Government of Indonesia,OPM,Territory,Minor (between 25 and 999 battle-related deaths),Internal armed conflict,07/28/1965,12/31/2065,Low activity (less than 25 battle-deaths),Asia
1-95,499,Peru,Government of Peru,MIR,Government,Minor (between 25 and 999 battle-related deaths),Internal armed conflict,06/15/1965,12/31/2065,Victory for Side A /Government Side,Americas
1-95,500,Peru,Government of Peru,ELN,Government,Minor (between 25 and 999 battle-related deaths),Internal armed conflict,05/15/1963,12/31/2065,Victory for Side A /Government Side,Americas
1-98,502,Ghana,Government of Ghana,NLC,Government,Minor (between 25 and 999 battle-related deaths),Internal armed conflict,02/24/1966,02/24/2066,Victory for Side B /Rebel Side,Africa
1-98,503,Ghana,Government of Ghana,Military faction (forces of Jerry John Rawlings),Government,Minor (between 25 and 999 battle-related deaths),Internal armed conflict,12/31/1981,12/31/1981,Victory for Side B /Rebel Side,Africa
1-98,504,Ghana,Government of Ghana,Military faction (forces of Ekow Dennis and Edward Adjei-Ampofo) ,Government,Minor (between 25 and 999 battle-related deaths),Internal armed conflict,06/19/1983,06/19/1983,Victory for Side A /Government Side,Africa
1-99,505,India,Government of India,MNF,Territory,Minor (between 25 and 999 battle-related deaths),Internal armed conflict,09/01/1966,12/31/2068,Low activity (less than 25 battle-deaths),Asia
1-112,507,Philippines,Government of Philippines,MIM,Territory,Minor (between 25 and 999 battle-related deaths),Internal armed conflict,08/20/1970,12/31/1971,Low activity (less than 25 battle-deaths),Asia
1-120,508,El Salvador,Government of El Salvador,FPL,Government,Minor (between 25 and 999 battle-related deaths),Internal armed conflict,05/11/1977,12/31/1979,Actor ceases to exist,Americas
1-120,510,El Salvador,Government of El Salvador,ERP,Government,Minor (between 25 and 999 battle-related deaths),Internal armed conflict,03/02/1973,12/31/1979,Actor ceases to exist,Americas
1-120,514,El Salvador,Government of El Salvador,Military faction (forces of Benjamin Mejia),Government,Minor (between 25 and 999 battle-related deaths),Internal armed conflict,03/25/1972,03/25/1972,Victory for Side A /Government Side,Americas
1-139,515,India,Government of India,TNV,Territory,Minor (between 25 and 999 battle-related deaths),Internal armed conflict,07/09/1979,08/12/1988,Peace agreement,Asia
1-101,516,South Africa,Government of South Africa,SWAPO,Territory,War (at least 1000 battle-related deaths),Internal armed conflict,08/26/1966,08/08/1988,Peace agreement,Africa
1-102,518,Syria,Government of Syria,Military faction (forces loyal to Nureddin Atassi and Youssef Zeayen),Government,Minor (between 25 and 999 battle-related deaths),Internal armed conflict,02/23/1966,02/23/2066,Victory for Side B /Rebel Side,Middle East
1-102,519,Syria,Government of Syria,Muslim Brotherhood,Government,War (at least 1000 battle-related deaths),Internal armed conflict,06/16/1979,02/02/1982,Victory for Side A /Government Side,Middle East
1-113,520,Sudan,Government of Sudan,Sudanese Communist Party,Government,Minor (between 25 and 999 battle-related deaths),Internal armed conflict,07/22/1971,07/22/1971,Victory for Side A /Government Side,Africa
1-113,521,Sudan,Government of Sudan,Islamic Charter Front,Government,Minor (between 25 and 999 battle-related deaths),Internal armed conflict,07/02/1976,07/02/1976,Victory for Side A /Government Side,Africa
1-146,525,Liberia,Government of Liberia,Military faction (forces of Samuel Doe),Government,Minor (between 25 and 999 battle-related deaths),Internal armed conflict,04/12/1980,04/14/1980,Victory for Side B /Rebel Side,Africa
1-157,526,Sri Lanka,Government of Sri Lanka,TELO,Territory,Minor (between 25 and 999 battle-related deaths),Internal armed conflict,05/06/1978,12/31/1985,Low activity (less than 25 battle-deaths),Asia
1-107,528,Nigeria,Government of Nigeria,Republic of Biafra,Territory,War (at least 1000 battle-related deaths),Internal armed conflict,07/06/1967,01/12/1970,Victory for Side A /Government Side,Africa
1-153,536,Kenya,Government of Kenya,Military faction (forces of Hezekiah Ochuka),Government,Minor (between 25 and 999 battle-related deaths),Internal armed conflict,08/01/1982,08/21/1982,Victory for Side A /Government Side,Africa
1-158,539,Cameroon,Government of Cameroon,Military faction (forces of Ibrahim Saleh),Government,Minor (between 25 and 999 battle-related deaths),Internal armed conflict,04/06/1984,04/09/1984,Victory for Side A /Government Side,Africa
1-114,540,Madagascar (Malagasy),Government of Madagascar,Monima ,Government,Minor (between 25 and 999 battle-related deaths),Internal armed conflict,04/30/1971,04/30/1971,Victory for Side A /Government Side,Africa
1-115,541,Morocco,Government of Morocco,Military faction (forces of Mohamed Madbouh),Government,Minor (between 25 and 999 battle-related deaths),Internal armed conflict,07/10/1971,07/11/1971,Victory for Side A /Government Side,Africa
1-116,542,Pakistan,Government of Pakistan,Mukti Bahini,Territory,War (at least 1000 battle-related deaths),Internal armed conflict,03/26/1971,12/16/1971,Victory for Side B /Rebel Side,Asia
1-129,544,Pakistan,Government of Pakistan,BLF,Territory,Minor (between 25 and 999 battle-related deaths),Internal armed conflict,05/18/1973,12/31/2012,Low activity (less than 25 battle-deaths),Asia
1-144,546,Iran,Government of Iran,APCO,Territory,Minor (between 25 and 999 battle-related deaths),Internal armed conflict,05/30/1979,12/31/1979,Low activity (less than 25 battle-deaths),Middle East
1-145,548,Saudi Arabia,Government of Saudi Arabia,JSM,Government,Minor (between 25 and 999 battle-related deaths),Internal armed conflict,11/20/1979,12/04/1979,Victory for Side A /Government Side,Middle East
1-148,551,Tunisia,Government of Tunisia,Résistance Armée Tunisienne,Government,Minor (between 25 and 999 battle-related deaths),Internal armed conflict,01/27/1980,01/28/1980,Victory for Side A /Government Side,Africa
1-118,554,Uganda,Government of Uganda,Military faction (forces of Idi Amin),Government,Minor (between 25 and 999 battle-related deaths),Internal armed conflict,01/25/1971,01/29/1971,Victory for Side B /Rebel Side,Africa
1-118,555,Uganda,Government of Uganda,Military faction (forces of Charles Arube),Government,Minor (between 25 and 999 battle-related deaths),Internal armed conflict,03/23/1974,03/23/1974,Victory for Side A /Government Side,Africa
1-150,558,South Africa,Government of South Africa,ANC,Government,Minor (between 25 and 999 battle-related deaths),Internal armed conflict,02/01/1978,12/31/1988,Low activity (less than 25 battle-deaths),Africa
1-162,559,Suriname,Government of Surinam,SLA,Government,Minor (between 25 and 999 battle-related deaths),Internal armed conflict,08/21/1986,12/31/1987,Ceasefire,Americas
1-122,560,Zimbabwe (Rhodesia),Government of Zimbabwe (Rhodesia),ZANU,Government,War (at least 1000 battle-related deaths),Internal armed conflict,04/29/1966,10/08/1976,Actor ceases to exist,Africa
1-164,564,South Yemen,Government of South Yemen,Yemenite Socialist Party - Abdul Fattah Ismail faction,Government,War (at least 1000 battle-related deaths),Internal armed conflict,01/13/1986,01/20/1986,Victory for Side B /Rebel Side,Middle East
1-122,565,Zimbabwe (Rhodesia),Government of Zimbabwe (Rhodesia),ZAPU,Government,Minor (between 25 and 999 battle-related deaths),Internal armed conflict,09/07/1966,12/31/2068,Low activity (less than 25 battle-deaths),Africa
1-140,567,Nicaragua,Government of Nicaragua,FSLN,Government,War (at least 1000 battle-related deaths),Internal armed conflict,12/27/1974,07/19/1979,Victory for Side B /Rebel Side,Americas
1-63,570,Lebanon,Government of Lebanon,Independent Nasserite Movement,Government,War (at least 1000 battle-related deaths),Internal armed conflict,05/15/1958,07/31/2058,Peace agreement,Middle East
1-118,574,Uganda,Government of Uganda,NRA,Government,War (at least 1000 battle-related deaths),Internal armed conflict,02/18/1981,01/26/1986,Victory for Side B /Rebel Side,Africa
1-118,575,Uganda,Government of Uganda,UFM,Government,Minor (between 25 and 999 battle-related deaths),Internal armed conflict,02/09/1981,09/30/1989,Victory for Side A /Government Side,Africa
1-18,580,China,Government of China,Taiwanese insurgents,Territory,War (at least 1000 battle-related deaths),Internal armed conflict,02/28/1947,03/24/2047,Victory for Side A /Government Side,Asia
1-27,581,Costa Rica,Government of Costa Rica,National Liberation Army,Government,War (at least 1000 battle-related deaths),Internal armed conflict,03/03/1948,04/20/2048,Victory for Side B /Rebel Side,Americas
1-73,584,France,Government of France,OAS,Government,War (at least 1000 battle-related deaths),Internal armed conflict,04/22/1961,06/30/2062,Victory for Side A /Government Side,Europe
1-64,585,Malaysia,Government of Malaysia,CPM,Government,Minor (between 25 and 999 battle-related deaths),Internal armed conflict,12/31/1957,12/31/1981,Low activity (less than 25 battle-deaths),Asia
1-68,587,DR Congo (Zaire),Government of DR Congo (Zaire) ,State of Katanga,Territory,Minor (between 25 and 999 battle-related deaths),Internal armed conflict,10/27/1961,12/28/2062,Victory for Side A /Government Side,Africa
1-69,588,DR Congo (Zaire),Government of DR Congo (Zaire) ,Independent Mining State of South Kasai,Territory,Minor (between 25 and 999 battle-related deaths),Internal armed conflict,08/31/1960,12/31/2062,Victory for Side A /Government Side,Africa
1-50,590,Argentina,Government of Argentina,Military faction (forces of Eduardo A. Lonardi Doucet),Government,Minor (between 25 and 999 battle-related deaths),Internal armed conflict,09/16/1955,09/19/2055,Victory for Side B /Rebel Side,Americas
1-50,592,Argentina,Government of Argentina,Military faction (colorados),Government,Minor (between 25 and 999 battle-related deaths),Internal armed conflict,04/02/1963,09/22/2063,Victory for Side A /Government Side,Americas
1-50,593,Argentina,Government of Argentina,Montoneros,Government,Minor (between 25 and 999 battle-related deaths),Internal armed conflict,06/01/1970,12/31/1977,Victory for Side A /Government Side,Americas
1-50,594,Argentina,Government of Argentina,ERP,Government,Minor (between 25 and 999 battle-related deaths),Internal armed conflict,09/18/1970,12/31/1977,Victory for Side A /Government Side,Americas
1-46,595,Indonesia,Government of Indonesia,Darul Islam,Government,Minor (between 25 and 999 battle-related deaths),Internal armed conflict,12/31/1953,12/31/2061,Ceasefire,Asia
1-46,596,Indonesia,Government of Indonesia,PRRI,Government,Minor (between 25 and 999 battle-related deaths),Internal armed conflict,03/07/1958,10/30/2061,Victory for Side A /Government Side,Asia
1-43,598,Thailand,Government of Thailand,Military faction (navy),Government,Minor (between 25 and 999 battle-related deaths),Internal armed conflict,06/30/1951,07/01/2051,Victory for Side A /Government Side,Asia
1-43,599,Thailand,Government of Thailand,CPT,Government,Minor (between 25 and 999 battle-related deaths),Internal armed conflict,12/31/1966,12/31/1982,Low activity (less than 25 battle-deaths),Asia
1-45,600,Cuba,Government of Cuba,M-26-7,Government,War (at least 1000 battle-related deaths),Internal armed conflict,07/26/1953,12/31/2058,Victory for Side B /Rebel Side,Americas
1-40,605,Indonesia,Government of Indonesia,Republic of South Moluccas,Territory,War (at least 1000 battle-related deaths),Internal armed conflict,08/05/1950,11/15/2050,Victory for Side A /Government Side,Asia
1-39,606,China,Government of China,Tibet,Territory,War (at least 1000 battle-related deaths),Internal armed conflict,10/07/1950,04/23/2059,Victory for Side A /Government Side,Asia
1-33,615,Yemen (North Yemen),Government of Yemen (North Yemen),Opposition coalition,Government,War (at least 1000 battle-related deaths),Internal armed conflict,03/15/1948,03/15/2048,Victory for Side B /Rebel Side,Middle East
1-33,617,Yemen (North Yemen),Government of Yemen (North Yemen),NDF,Government,Minor (between 25 and 999 battle-related deaths),Internal armed conflict,03/31/1979,05/31/1982,Low activity (less than 25 battle-deaths),Middle East
1-36,621,Guatemala,Government of Guatemala,Military faction,Government,Minor (between 25 and 999 battle-related deaths),Internal armed conflict,07/18/1949,07/19/2049,Victory for Side A /Government Side,Americas
1-36,622,Guatemala,Government of Guatemala,Forces of Carlos Castillo Armas,Government,Minor (between 25 and 999 battle-related deaths),Internal armed conflict,06/18/1954,06/27/2054,Victory for Side B /Rebel Side,Americas
1-36,624,Guatemala,Government of Guatemala,FAR I,Government,Minor (between 25 and 999 battle-related deaths),Internal armed conflict,03/22/1963,12/31/2063,Low activity (less than 25 battle-deaths),Americas
1-36,625,Guatemala,Government of Guatemala,EGP,Government,Minor (between 25 and 999 battle-related deaths),Internal armed conflict,05/31/1975,12/31/1981,Actor ceases to exist,Americas
1-36,627,Guatemala,Government of Guatemala,ORPA,Government,Minor (between 25 and 999 battle-related deaths),Internal armed conflict,11/30/1979,12/31/1981,Actor ceases to exist,Americas
1-37,629,Israel,Government of Israel,PRC,Territory,Minor (between 25 and 999 battle-related deaths),Internal armed conflict,12/12/2001,12/31/2006,Low activity (less than 25 battle-deaths),Middle East
1-113,630,Sudan,Government of Sudan,NRF,Government,Minor (between 25 and 999 battle-related deaths),Internal armed conflict,07/03/2006,12/31/2006,Low activity (less than 25 battle-deaths),Africa
1-113,631,Sudan,Government of Sudan,SLM/A - MM,Government,Minor (between 25 and 999 battle-related deaths),Internal armed conflict,01/23/2006,05/05/2006,Peace agreement,Africa
1-91,633,Chad,Government of Chad,RAFD,Government,Minor (between 25 and 999 battle-related deaths),Internal armed conflict,06/04/2006,12/31/2006,Actor ceases to exist,Africa
1-91,634,Chad,Government of Chad,UFDD,Government,Minor (between 25 and 999 battle-related deaths),Internal armed conflict,10/23/2006,12/31/2007,Actor ceases to exist,Africa
1-129,638,Pakistan,Government of Pakistan,Baloch Ittehad,Territory,Minor (between 25 and 999 battle-related deaths),Internal armed conflict,01/12/2006,12/31/2006,Actor ceases to exist,Asia
1-129,639,Pakistan,Government of Pakistan,BLA,Territory,Minor (between 25 and 999 battle-related deaths),Internal armed conflict,06/25/2004,10/20/2009,Low activity (less than 25 battle-deaths),Asia
1-143,640,Iran,Government of Iran,Jondullah,Government,Minor (between 25 and 999 battle-related deaths),Internal armed conflict,12/31/2003,12/31/2010,Low activity (less than 25 battle-deaths),Middle East
1-113,641,Sudan,Government of Sudan,SPLM/A,Government,Minor (between 25 and 999 battle-related deaths),Internal armed conflict,05/16/1983,12/31/2004,Peace agreement,Africa
1-251,643,Israel,Government of Israel,Hezbollah,Territory,Minor (between 25 and 999 battle-related deaths),Internal armed conflict,09/30/1986,08/14/2006,Ceasefire,Middle East
1-113,645,Sudan,Government of Sudan,NDA,Government,Minor (between 25 and 999 battle-related deaths),Internal armed conflict,04/20/1996,12/31/2001,Low activity (less than 25 battle-deaths),Africa
1-86,646,DR Congo (Zaire),Government of DR Congo (Zaire) ,CNDP,Government,Minor (between 25 and 999 battle-related deaths),Internal armed conflict,01/18/2006,10/29/2008,Peace agreement,Africa
1-112,647,Philippines,Government of Philippines,MNLF - HM,Territory,Minor (between 25 and 999 battle-related deaths),Internal armed conflict,04/13/2007,12/31/2007,Low activity (less than 25 battle-deaths),Asia
1-113,648,Sudan,Government of Sudan,SLM/A-Unity,Government,Minor (between 25 and 999 battle-related deaths),Internal armed conflict,04/29/2007,12/31/2008,Low activity (less than 25 battle-deaths),Africa
1-177,650,Mali,Government of Mali,ATNMC,Territory,Minor (between 25 and 999 battle-related deaths),Internal armed conflict,05/11/2007,01/22/2009,Victory for Side A /Government Side,Africa
1-254,651,DR Congo (Zaire),Government of DR Congo (Zaire) ,BDK,Territory,Minor (between 25 and 999 battle-related deaths),Internal armed conflict,07/02/1998,03/31/2008,Victory for Side A /Government Side,Africa
1-72,652,Nepal,Government of Nepal,NC,Government,Minor (between 25 and 999 battle-related deaths),Internal armed conflict,02/29/1960,12/31/2062,Ceasefire,Asia
1-74,653,Iraq,Government of Iraq,KDP-QM,Territory,Minor (between 25 and 999 battle-related deaths),Internal armed conflict,12/31/1977,12/31/1978,Actor ceases to exist,Middle East
1-91,660,Chad,Government of Chad,FAN,Government,Minor (between 25 and 999 battle-related deaths),Internal armed conflict,02/18/1976,06/07/1982,Victory for Side B /Rebel Side,Africa
1-91,661,Chad,Government of Chad,FAP,Government,Minor (between 25 and 999 battle-related deaths),Internal armed conflict,06/21/1977,02/22/1979,Victory for Side B /Rebel Side,Africa
1-91,662,Chad,Government of Chad,FAT,Government,Minor (between 25 and 999 battle-related deaths),Internal armed conflict,08/27/1982,12/31/1982,Low activity (less than 25 battle-deaths),Africa
1-78,667,Ethiopia,Government of Ethiopia,ELF  ,Territory,Minor (between 25 and 999 battle-related deaths),Internal armed conflict,09/30/1961,12/31/1980,Low activity (less than 25 battle-deaths),Africa
1-22,671,Paraguay,Government of Paraguay,Military faction (forces of Alfredo Stroessner),Government,Minor (between 25 and 999 battle-related deaths),Internal armed conflict,05/05/1954,05/05/2054,Victory for Side B /Rebel Side,Americas
1-80,672,Venezuela,Government of Venezuela,Military faction (navy),Government,Minor (between 25 and 999 battle-related deaths),Internal armed conflict,06/03/1962,12/31/2062,Victory for Side A /Government Side,Americas
1-22,673,Paraguay,Government of Paraguay,"Opposition coalition (Febreristas, Liberals and Communists)",Government,War (at least 1000 battle-related deaths),Internal armed conflict,03/07/1947,08/21/2047,Victory for Side A /Government Side,Americas
1-85,676,Sudan,Government of Sudan,SSLM,Territory,War (at least 1000 battle-related deaths),Internal armed conflict,12/31/1963,01/31/1972,Peace agreement,Africa
1-24,677,Myanmar (Burma),Government of Myanmar (Burma),CPB-RF,Government,Minor (between 25 and 999 battle-related deaths),Internal armed conflict,02/29/1948,12/31/2050,Low activity (less than 25 battle-deaths),Asia
1-24,678,Myanmar (Burma),Government of Myanmar (Burma),"PVO - ""White Band"" faction",Government,War (at least 1000 battle-related deaths),Internal armed conflict,08/31/1948,12/31/2053,Low activity (less than 25 battle-deaths),Asia
1-86,679,DR Congo (Zaire),Government of DR Congo (Zaire) ,CNL,Government,War (at least 1000 battle-related deaths),Internal armed conflict,01/18/1964,12/31/2065,Victory for Side A /Government Side,Africa
1-86,680,DR Congo (Zaire),Government of DR Congo (Zaire) ,Military Faction (Forces of Jean Schramme),Government,Minor (between 25 and 999 battle-related deaths),Internal armed conflict,07/05/1967,11/05/2067,Victory for Side A /Government Side,Africa
1-86,681,DR Congo (Zaire),Government of DR Congo (Zaire) ,FLNC,Government,Minor (between 25 and 999 battle-related deaths),Internal armed conflict,03/08/1977,06/15/1978,Victory for Side A /Government Side,Africa
1-26,683,Myanmar (Burma),Government of Myanmar (Burma),MFL-MUF,Territory,Minor (between 25 and 999 battle-related deaths),Internal armed conflict,12/31/1948,12/31/2051,Actor ceases to exist,Asia
1-26,684,Myanmar (Burma),Government of Myanmar (Burma),MPF,Territory,Minor (between 25 and 999 battle-related deaths),Internal armed conflict,12/31/1952,07/12/2058,Peace agreement,Asia
1-157,687,Sri Lanka,Government of Sri Lanka,EPRLF,Territory,Minor (between 25 and 999 battle-related deaths),Internal armed conflict,05/04/1985,12/31/1989,Low activity (less than 25 battle-deaths),Asia
1-29,689,India,Government of India,CPI,Government,War (at least 1000 battle-related deaths),Internal armed conflict,05/01/1948,12/31/2051,Low activity (less than 25 battle-deaths),Asia
1-29,690,India,Government of India,CPI-ML,Government,Minor (between 25 and 999 battle-related deaths),Internal armed conflict,05/27/1969,12/31/1971,Victory for Side A /Government Side,Asia
1-158,692,Cameroon,Government of Cameroon,UPC,Government,Minor (between 25 and 999 battle-related deaths),Internal armed conflict,01/31/1960,12/31/2061,Low activity (less than 25 battle-deaths),Africa
1-36,694,Guatemala,Government of Guatemala,FAR II,Government,Minor (between 25 and 999 battle-related deaths),Internal armed conflict,12/31/1970,12/31/1981,Actor ceases to exist,Americas
1-37,695,Israel,Government of Israel,Palestinian insurgents,Territory,Minor (between 25 and 999 battle-related deaths),Internal armed conflict,05/15/1948,12/31/2064,Actor ceases to exist,Middle East
1-37,696,Israel,Government of Israel,Non PLO groups,Territory,Minor (between 25 and 999 battle-related deaths),Internal armed conflict,12/31/1965,12/31/1973,Actor ceases to exist,Middle East
1-118,700,Uganda,Government of Uganda,Kikosi Maalum,Government,Minor (between 25 and 999 battle-related deaths),Internal armed conflict,09/17/1972,09/20/1972,Victory for Side A /Government Side,Africa
1-118,704,Uganda,Government of Uganda,UNRF,Government,Minor (between 25 and 999 battle-related deaths),Internal armed conflict,03/31/1981,12/31/1983,Low activity (less than 25 battle-deaths),Africa
1-118,706,Uganda,Government of Uganda,UPDA,Government,Minor (between 25 and 999 battle-related deaths),Internal armed conflict,08/10/1986,12/31/1987,Peace agreement,Africa
1-118,708,Uganda,Government of Uganda,Lord's Army,Government,Minor (between 25 and 999 battle-related deaths),Internal armed conflict,03/18/1988,08/11/1988,Victory for Side A /Government Side,Africa
1-54,711,India,Government of India,NNC,Territory,Minor (between 25 and 999 battle-related deaths),Internal armed conflict,07/20/1955,06/15/2068,Low activity (less than 25 battle-deaths),Asia
1-122,712,Zimbabwe (Rhodesia),Government of Zimbabwe (Rhodesia),PF,Government,War (at least 1000 battle-related deaths),Internal armed conflict,11/02/1976,12/21/1979,Peace agreement,Africa
1-62,717,Iraq,Government of Iraq,Military faction (free Officers Movement),Government,Minor (between 25 and 999 battle-related deaths),Internal armed conflict,07/14/1958,07/14/2058,Victory for Side B /Rebel Side,Middle East
1-62,718,Iraq,Government of Iraq,Military faction (forces of Abdul Wahab al-Shawaf),Government,Minor (between 25 and 999 battle-related deaths),Internal armed conflict,03/08/1959,03/10/2059,Victory for Side A /Government Side,Middle East
1-62,719,Iraq,Government of Iraq,Military faction (forces of Abd as-Salam Arif),Government,Minor (between 25 and 999 battle-related deaths),Internal armed conflict,11/18/1963,11/20/2063,Victory for Side A /Government Side,Middle East
1-62,720,Iraq,Government of Iraq,NCRC,Government,War (at least 1000 battle-related deaths),Internal armed conflict,02/08/1963,02/18/2063,Victory for Side B /Rebel Side,Middle East
1-63,722,Lebanon,Government of Lebanon,NSF,Government,War (at least 1000 battle-related deaths),Internal armed conflict,09/02/1975,10/21/1976,Ceasefire,Middle East
1-63,723,Lebanon,Government of Lebanon,LAA,Government,War (at least 1000 battle-related deaths),Internal armed conflict,01/20/1976,10/21/1976,Ceasefire,Middle East
1-63,725,Lebanon,Government of Lebanon,NUF,Government,Minor (between 25 and 999 battle-related deaths),Internal armed conflict,08/11/1985,12/31/1986,Low activity (less than 25 battle-deaths),Middle East
1-63,726,Lebanon,Government of Lebanon,Lebanese Forces - Hobeika faction,Government,Minor (between 25 and 999 battle-related deaths),Internal armed conflict,01/06/1986,12/31/1986,Low activity (less than 25 battle-deaths),Middle East
1-137,727,Afghanistan,Government of Afghanistan,PDPA,Government,War (at least 1000 battle-related deaths),Internal armed conflict,04/27/1978,04/28/1978,Victory for Side B /Rebel Side,Asia
1-67,742,Myanmar (Burma),Government of Myanmar (Burma),NSH,Territory,Minor (between 25 and 999 battle-related deaths),Internal armed conflict,11/22/1959,12/31/2059,Actor ceases to exist,Asia
1-67,743,Myanmar (Burma),Government of Myanmar (Burma),SSIA,Territory,Minor (between 25 and 999 battle-related deaths),Internal armed conflict,07/31/1960,12/31/2061,Actor ceases to exist,Asia
1-67,744,Myanmar (Burma),Government of Myanmar (Burma),SNUF,Territory,Minor (between 25 and 999 battle-related deaths),Internal armed conflict,12/31/1962,12/31/2063,Actor ceases to exist,Asia
1-253,745,Mauritania,Government of Mauritania,POLISARIO,Territory,Minor (between 25 and 999 battle-related deaths),Internal armed conflict,12/10/1975,12/31/1978,Peace agreement,Africa
1-67,746,Myanmar (Burma),Government of Myanmar (Burma),SSA,Territory,Minor (between 25 and 999 battle-related deaths),Internal armed conflict,12/31/1964,12/31/1973,Low activity (less than 25 battle-deaths),Asia
1-67,747,Myanmar (Burma),Government of Myanmar (Burma),SURA,Territory,Minor (between 25 and 999 battle-related deaths),Internal armed conflict,12/31/1969,12/31/1983,Actor ceases to exist,Asia
1-67,748,Myanmar (Burma),Government of Myanmar (Burma),SSNLO,Territory,War (at least 1000 battle-related deaths),Internal armed conflict,12/31/1969,12/31/1970,Low activity (less than 25 battle-deaths),Asia
1-255,749,Niger,Government of Niger,MNJ,Government,Minor (between 25 and 999 battle-related deaths),Internal armed conflict,02/08/2007,11/16/2008,Ceasefire,Africa
1-67,750,Myanmar (Burma),Government of Myanmar (Burma),SSRA,Territory,Minor (between 25 and 999 battle-related deaths),Internal armed conflict,08/31/1976,12/31/1976,Low activity (less than 25 battle-deaths),Asia
1-67,751,Myanmar (Burma),Government of Myanmar (Burma),TRC,Territory,Minor (between 25 and 999 battle-related deaths),Internal armed conflict,04/30/1984,12/31/1984,Actor ceases to exist,Asia
1-46,752,Indonesia,Government of Indonesia,Permesta Movement,Government,Minor (between 25 and 999 battle-related deaths),Internal armed conflict,04/02/1958,08/30/2061,Victory for Side A /Government Side,Asia
1-34,753,Myanmar (Burma),Government of Myanmar (Burma),PNDF,Territory,Minor (between 25 and 999 battle-related deaths),Internal armed conflict,12/31/1949,05/05/2050,Victory for Side A /Government Side,Asia
1-70,754,Ethiopia,Government of Ethiopia,EDU,Government,Minor (between 25 and 999 battle-related deaths),Internal armed conflict,01/31/1977,12/31/1978,Low activity (less than 25 battle-deaths),Africa
1-70,755,Ethiopia,Government of Ethiopia,Military faction (forces of Mengistu Neway),Government,Minor (between 25 and 999 battle-related deaths),Internal armed conflict,12/17/1960,12/17/2060,Victory for Side A /Government Side,Africa
1-19,756,Hyderabadh,Government of Hyderabad,CPI,Government,War (at least 1000 battle-related deaths),Internal armed conflict,06/30/1947,09/18/2048,Actor ceases to exist,Asia
1-137,760,Afghanistan,Government of Afghanistan,Hizb-i Islami-yi Afghanistan - Khalis faction,Government,War (at least 1000 battle-related deaths),Internal armed conflict,12/31/1980,12/31/1991,Peace agreement,Asia
1-255,761,Niger,Government of Niger,FLAA,Government,Minor (between 25 and 999 battle-related deaths),Internal armed conflict,10/25/1991,12/18/1992,Peace agreement,Africa
1-255,762,Niger,Government of Niger,UFRA,Government,Minor (between 25 and 999 battle-related deaths),Internal armed conflict,12/30/1996,11/28/1997,Ceasefire,Africa
1-152,764,India,Government of India,KCP,Territory,Minor (between 25 and 999 battle-related deaths),Internal armed conflict,12/31/1995,12/28/2009,Low activity (less than 25 battle-deaths),Asia
1-152,766,India,Government of India,PREPAK,Territory,Minor (between 25 and 999 battle-related deaths),Internal armed conflict,07/23/1980,12/28/2009,Low activity (less than 25 battle-deaths),Asia
1-91,767,Chad,Government of Chad,AN ,Government,Minor (between 25 and 999 battle-related deaths),Internal armed conflict,02/02/2008,12/31/2008,Low activity (less than 25 battle-deaths),Africa
1-259,772,India,Government of India,PULF,Territory,Minor (between 25 and 999 battle-related deaths),Internal armed conflict,06/20/2000,12/22/2008,Victory for Side A /Government Side,Asia
1-129,774,Pakistan,Government of Pakistan,BRA,Territory,Minor (between 25 and 999 battle-related deaths),Internal armed conflict,08/25/2007,12/31/2012,Low activity (less than 25 battle-deaths),Asia
1-91,777,Chad,Government of Chad,Military faction (forces of Maldoum Bada Abbas),Government,Minor (between 25 and 999 battle-related deaths),Internal armed conflict,10/13/1991,10/14/1991,Victory for Side A /Government Side,Africa
1-80,778,Venezuela,Government of Venezuela,Bandera Roja,Government,Minor (between 25 and 999 battle-related deaths),Internal armed conflict,11/30/1981,10/04/1982,Victory for Side A /Government Side,Americas
1-37,780,Israel,Government of Israel,Rejectionist Front,Territory,Minor (between 25 and 999 battle-related deaths),Internal armed conflict,12/31/1974,12/31/1988,Actor ceases to exist,Middle East
1-37,781,Israel,Government of Israel,PLO,Territory,Minor (between 25 and 999 battle-related deaths),Internal armed conflict,02/28/1965,12/31/1988,Actor ceases to exist,Middle East
1-222,782,Central African Republic,Government of Central African Republic,CPJP,Government,Minor (between 25 and 999 battle-related deaths),Internal armed conflict,03/20/2009,06/12/2011,Peace agreement,Africa
1-91,783,Chad,Government of Chad,UFR,Government,Minor (between 25 and 999 battle-related deaths),Internal armed conflict,04/19/2009,12/31/2009,Low activity (less than 25 battle-deaths),Africa
1-227,785,India,Government of India,NDFB - RD,Territory,Minor (between 25 and 999 battle-related deaths),Internal armed conflict,01/03/2009,11/08/2010,Ceasefire,Asia
1-263,788,India,Government of India,KNF,Territory,Minor (between 25 and 999 battle-related deaths),Internal armed conflict,10/12/1993,12/05/1997,Low activity (less than 25 battle-deaths),Asia
1-23,790,Myanmar (Burma),Government of Myanmar (Burma),KNUP,Territory,Minor (between 25 and 999 battle-related deaths),Internal armed conflict,12/31/1948,12/31/1975,Actor ceases to exist,Asia
1-262,791,Ethiopia,Government of Ethiopia,SLM,Territory,Minor (between 25 and 999 battle-related deaths),Internal armed conflict,12/31/1982,12/31/1983,Victory for Side A /Government Side,Africa
1-133,792,Ethiopia,Government of Ethiopia,Ogaden Liberation Front,Territory,Minor (between 25 and 999 battle-related deaths),Internal armed conflict,01/11/1964,12/31/2064,Victory for Side A /Government Side,Africa
1-100,793,Nigeria,Government of Nigeria,Jama'atu Ahlis Sunna Lidda'awati wal-Jihad,Government,Minor (between 25 and 999 battle-related deaths),Internal armed conflict,06/09/2009,07/30/2009,Low activity (less than 25 battle-deaths),Africa
1-25,794,Myanmar (Burma),Government of Myanmar (Burma),RPF,Territory,Minor (between 25 and 999 battle-related deaths),Internal armed conflict,12/31/1973,12/31/1978,Low activity (less than 25 battle-deaths),Asia
1-25,795,Myanmar (Burma),Government of Myanmar (Burma),ALP,Territory,Minor (between 25 and 999 battle-related deaths),Internal armed conflict,06/01/1977,05/30/1977,Victory for Side A /Government Side,Asia
1-265,797,Myanmar (Burma),Government of Myanmar (Burma),LNUP,Territory,Minor (between 25 and 999 battle-related deaths),Internal armed conflict,01/11/1973,12/31/1982,Actor ceases to exist,Asia
1-264,798,Myanmar (Burma),Government of Myanmar (Burma),MNDAA,Territory,Minor (between 25 and 999 battle-related deaths),Internal armed conflict,08/27/2009,08/29/2009,Victory for Side A /Government Side,Asia
1-25,799,Myanmar (Burma),Government of Myanmar (Burma),APLP,Territory,Minor (between 25 and 999 battle-related deaths),Internal armed conflict,01/31/1948,12/31/2057,Ceasefire,Asia
1-25,800,Myanmar (Burma),Government of Myanmar (Burma),Mujahid Party,Territory,Minor (between 25 and 999 battle-related deaths),Internal armed conflict,07/31/1948,11/15/2061,Victory for Side A /Government Side,Asia
1-25,801,Myanmar (Burma),Government of Myanmar (Burma),ANLP,Territory,Minor (between 25 and 999 battle-related deaths),Internal armed conflict,12/31/1964,12/31/1972,Low activity (less than 25 battle-deaths),Asia
1-25,802,Myanmar (Burma),Government of Myanmar (Burma),CPA,Territory,Minor (between 25 and 999 battle-related deaths),Internal armed conflict,12/31/1964,12/31/1973,Low activity (less than 25 battle-deaths),Asia
1-23,805,Myanmar (Burma),Government of Myanmar (Burma),DKBA 5,Territory,Minor (between 25 and 999 battle-related deaths),Internal armed conflict,08/05/2010,04/29/2013,Low activity (less than 25 battle-deaths),Asia
1-267,806,Mauritania,Government of Mauritania,AQIM,Government,Minor (between 25 and 999 battle-related deaths),Internal armed conflict,09/15/2008,10/20/2011,Low activity (less than 25 battle-deaths),Africa
1-91,807,Chad,Government of Chad,PFNR,Government,Minor (between 25 and 999 battle-related deaths),Internal armed conflict,12/06/2007,04/28/2010,Low activity (less than 25 battle-deaths),Africa
1-113,808,Sudan,Government of Sudan,SSDM/A,Government,Minor (between 25 and 999 battle-related deaths),Internal armed conflict,04/30/2010,07/09/2011,Actor ceases to exist,Africa
1-200,809,Tajikistan,Government of Tajikistan,IMU,Government,Minor (between 25 and 999 battle-related deaths),Internal armed conflict,01/31/2005,07/25/2011,Victory for Side A /Government Side,Asia
1-50,810,Argentina,Government of Argentina,Military faction (forces of Samuel Toranzo Calderón),Government,Minor (between 25 and 999 battle-related deaths),Internal armed conflict,06/16/1955,09/19/1955,Victory for Side B /Rebel Side,Americas
1-268,811,Ethiopia,Government of Ethiopia,IGLF,Territory,Minor (between 25 and 999 battle-related deaths),Internal armed conflict,10/10/1991,10/10/1991,Low activity (less than 25 battle-deaths),Africa
1-113,812,Sudan,Government of Sudan,SPLM/A-North,Government,Minor (between 25 and 999 battle-related deaths),Internal armed conflict,06/06/2011,06/28/2011,Peace agreement,Africa
1-113,813,Sudan,Government of Sudan,SSLM/A,Government,Minor (between 25 and 999 battle-related deaths),Internal armed conflict,03/26/2011,07/09/2011,Actor ceases to exist,Africa
1-269,815,Sudan,Government of Sudan,Republic of South Sudan,Territory,Minor (between 25 and 999 battle-related deaths),Internal armed conflict,05/01/2011,06/15/2011,Actor ceases to exist,Africa
1-270,818,South Sudan,Government of South Sudan,SSDM/A,Government,Minor (between 25 and 999 battle-related deaths),Internal armed conflict,08/20/2011,12/31/2011,Peace agreement,Africa
1-270,819,South Sudan,Government of South Sudan,SSLM/A,Government,Minor (between 25 and 999 battle-related deaths),Internal armed conflict,10/09/2011,12/31/2012,Ceasefire,Africa
1-225,820,Ivory Coast,Government of Ivory Coast,FDSI-CI,Government,Minor (between 25 and 999 battle-related deaths),Internal armed conflict,03/13/2011,04/27/2011,Victory for Side A /Government Side,Africa
1-271,823,Libya,Government of Libya,NTC,Government,War (at least 1000 battle-related deaths),Internal armed conflict,02/28/2011,08/22/2011,Victory for Side B /Rebel Side,Africa
1-271,825,Libya,Government of Libya,Forces of Muammar Gaddafi,Government,Minor (between 25 and 999 battle-related deaths),Internal armed conflict,08/23/2011,10/20/2011,Victory for Side A /Government Side,Africa
1-67,826,Myanmar (Burma),Government of Myanmar (Burma),SSPP,Territory,Minor (between 25 and 999 battle-related deaths),Internal armed conflict,11/22/2006,12/31/2013,Low activity (less than 25 battle-deaths),Asia
1-179,828,Rwanda,Government of Rwanda,FDLR,Government,Minor (between 25 and 999 battle-related deaths),Internal armed conflict,05/20/2001,03/01/2002,Low activity (less than 25 battle-deaths),Africa
1-273,830,China,Government of China,ETIM,Territory,Minor (between 25 and 999 battle-related deaths),Internal armed conflict,04/05/1990,08/29/2008,Low activity (less than 25 battle-deaths),Asia
1-177,836,Mali,Government of Mali,MNLA,Territory,Minor (between 25 and 999 battle-related deaths),Internal armed conflict,01/17/2012,03/31/2012,Victory for Side B /Rebel Side,Africa
1-274,837,Mali,Government of Mali,Military faction (Red Berets),Government,Minor (between 25 and 999 battle-related deaths),Internal armed conflict,05/01/2012,05/01/2012,Victory for Side A /Government Side,Africa
1-275,838,Bangladesh,Government of Bangladesh,PBCP,Government,Minor (between 25 and 999 battle-related deaths),Internal armed conflict,04/24/1994,12/31/2005,Low activity (less than 25 battle-deaths),Asia
1-275,839,Bangladesh,Government of Bangladesh,PBCP-J,Government,Minor (between 25 and 999 battle-related deaths),Internal armed conflict,01/15/2004,12/22/2006,Low activity (less than 25 battle-deaths),Asia
1-272,842,India,Government of India,GNLA,Territory,Minor (between 25 and 999 battle-related deaths),Internal armed conflict,06/27/2010,12/21/2012,Low activity (less than 25 battle-deaths),Asia
1-209,843,Pakistan,Government of Pakistan,TTP - TA,Government,Minor (between 25 and 999 battle-related deaths),Internal armed conflict,06/03/2012,12/31/2012,Low activity (less than 25 battle-deaths),Asia
1-191,845,Algeria,Government of Algeria,MUJAO,Government,Minor (between 25 and 999 battle-related deaths),Internal armed conflict,03/03/2012,12/31/2012,Low activity (less than 25 battle-deaths),Africa
1-200,848,Tajikistan,Government of Tajikistan,PFT ,Government,Minor (between 25 and 999 battle-related deaths),Internal armed conflict,09/15/1992,11/16/1992,Ceasefire,Asia
1-200,849,Tajikistan,Government of Tajikistan,Forces of Mullo Abdullo,Government,Minor (between 25 and 999 battle-related deaths),Internal armed conflict,09/01/2000,12/31/2010,Victory for Side A /Government Side,Asia
1-70,852,Ethiopia,Government of Ethiopia,Military faction (Harar garrison),Government,Minor (between 25 and 999 battle-related deaths),Internal armed conflict,05/30/1991,06/30/1991,Victory for Side A /Government Side,Africa
1-277,853,Myanmar (Burma),Government of Myanmar (Burma),NSCN-K,Territory,Minor (between 25 and 999 battle-related deaths),Internal armed conflict,04/17/1995,02/15/2007,Low activity (less than 25 battle-deaths),Asia
1-270,860,South Sudan,Government of South Sudan,SSDM/A - Cobra Faction,Government,Minor (between 25 and 999 battle-related deaths),Internal armed conflict,09/26/2011,12/31/2013,Peace agreement,Africa
1-278,861,Malaysia,Government of Malaysia,Sultanate of Sulu,Territory,Minor (between 25 and 999 battle-related deaths),Internal armed conflict,03/01/2013,03/24/2013,Victory for Side A /Government Side,Asia
1-274,863,Mali,Government of Mali,AQIM,Government,Minor (between 25 and 999 battle-related deaths),Internal armed conflict,06/14/2009,07/16/2009,Low activity (less than 25 battle-deaths),Africa
1-139,11299,India,Government of India,NLFT-B,Territory,Minor (between 25 and 999 battle-related deaths),Internal armed conflict,11/22/2003,12/28/2004,Low activity (less than 25 battle-deaths),Asia
1-29,11932,India,Government of India,CPI-ML-J,Government,Minor (between 25 and 999 battle-related deaths),Internal armed conflict,03/08/1999,12/31/2000,Low activity (less than 25 battle-deaths),Asia
1-222,12380,Central African Republic,Government of Central African Republic,anti-Balaka,Government,Minor (between 25 and 999 battle-related deaths),Internal armed conflict,04/14/2013,12/31/2013,Low activity (less than 25 battle-deaths),Africa
1-86,12463,DR Congo (Zaire),Government of DR Congo (Zaire) ,Forces of Paul Joseph Mukungubila,Government,Minor (between 25 and 999 battle-related deaths),Internal armed conflict,12/30/2013,12/31/2013,Victory for Side A /Government Side,Africa
